id,id_f5_parent,pop,individuum,ecotype,tray,row,column,ft,sowing_date_then_stratification,brought_to_greenhouse,not_germinated_til_2025_06_02,not_germinated_til_2025_06_04,not_germinated_til_2025_07_04,leaf_shape,leaf_edge,n_shoot_axis,height_stem,elongated,serrated,total_repl_in_pop,notes
2025-0001,478-17,478,17,Wall,1,1,1,2025-06-23,2025-05-23,2025-05-28,FALSE,FALSE,FALSE,O,G,1,21,0,0,19,NA
2025-0002,452-4,452,4,Pavement,1,2,1,2025-06-28,2025-05-23,2025-05-28,FALSE,FALSE,FALSE,O,S,1,11,0,1,6,NA
2025-0003,433-15,433,15,Wall,1,3,1,2025-06-27,2025-05-23,2025-05-28,FALSE,FALSE,FALSE,L,S,1,14,1,1,18,NA
2025-0004,49-15,49,15,Grass,1,4,1,NA,2025-05-23,2025-05-28,FALSE,FALSE,FALSE,O,S,0,NA,0,1,20,NA
2025-0005,179-2,179,2,Tree Bed,1,5,1,NA,2025-05-23,2025-05-28,TRUE,TRUE,TRUE,NA,NA,0,NA,NA,NA,4,NA
2025-0006,41-8,41,8,Grass,1,6,1,NA,2025-05-23,2025-05-28,FALSE,FALSE,FALSE,O,H,0,NA,0,NA,15,NA
2025-0007,120-4,120,4,Pavement,1,7,1,NA,2025-05-23,2025-05-28,FALSE,FALSE,FALSE,O,S,0,NA,0,1,5,NA
2025-0008,486-10,486,10,Wall,1,1,2,NA,2025-05-23,2025-05-28,TRUE,TRUE,TRUE,NA,NA,0,NA,NA,NA,17,NA
2025-0009,439-7,439,7,Wall,1,2,2,NA,2025-05-23,2025-05-28,FALSE,FALSE,FALSE,O,H,0,NA,0,NA,15,NA
2025-0010,7-2,7,2,Wall,1,3,2,NA,2025-05-23,2025-05-28,FALSE,FALSE,FALSE,O,H,0,NA,0,NA,18,NA
2025-0011,342-17,342,17,Pavement,1,4,2,NA,2025-05-23,2025-05-28,FALSE,FALSE,FALSE,O,H,0,NA,0,NA,18,NA
2025-0012,439-5,439,5,Wall,1,5,2,NA,2025-05-23,2025-05-28,TRUE,TRUE,TRUE,NA,NA,0,NA,NA,NA,15,NA
2025-0013,47-10,47,10,Grass,1,6,2,2025-06-27,2025-05-23,2025-05-28,FALSE,FALSE,FALSE,L,S,1,12,1,1,20,NA
2025-0014,310-7,310,7,Tree Bed,1,7,2,2025-06-20,2025-05-23,2025-05-28,FALSE,FALSE,FALSE,O,H,1,26,0,NA,33,NA
2025-0015,357-12,357,12,Wall,1,1,3,NA,2025-05-23,2025-05-28,TRUE,TRUE,TRUE,NA,NA,0,NA,NA,NA,20,NA
2025-0016,1-4,1,4,Wall,1,2,3,NA,2025-05-23,2025-05-28,TRUE,TRUE,TRUE,NA,NA,0,NA,NA,NA,13,NA
2025-0017,267-14,267,14,Tree Bed,1,3,3,NA,2025-05-23,2025-05-28,FALSE,FALSE,FALSE,O,H,0,NA,0,NA,21,NA
2025-0018,34-6,34,6,Grass,1,4,3,NA,2025-05-23,2025-05-28,TRUE,TRUE,TRUE,NA,NA,0,NA,NA,NA,15,NA
2025-0019,159-14,159,14,Tree Bed,1,5,3,NA,2025-05-23,2025-05-28,FALSE,FALSE,FALSE,O,H,0,NA,0,NA,16,NA
2025-0020,168-20,168,20,Tree Bed,1,6,3,NA,2025-05-23,2025-05-28,FALSE,FALSE,FALSE,O,H,0,NA,0,NA,20,NA
2025-0021,433-9,433,9,Wall,1,7,3,2025-06-21,2025-05-23,2025-05-28,FALSE,FALSE,FALSE,L,G,1,22,1,0,18,NA
2025-0022,187-3,187,3,Pavement,1,1,4,NA,2025-05-23,2025-05-28,TRUE,FALSE,FALSE,O,H,0,NA,0,NA,5,NA
2025-0023,255-4,255,4,Grass,1,2,4,NA,2025-05-23,2025-05-28,FALSE,FALSE,FALSE,O,H,0,NA,0,NA,6,NA
2025-0024,203-7,203,7,Pavement,1,3,4,NA,2025-05-23,2025-05-28,FALSE,FALSE,FALSE,O,H,0,NA,0,NA,11,NA
2025-0025,308-15,308,15,Tree Bed,1,4,4,2025-06-22,2025-05-23,2025-05-28,TRUE,FALSE,FALSE,L,WS,0,NA,1,NA,15,NA
2025-0026,47-5,47,5,Grass,1,5,4,2025-06-25,2025-05-23,2025-05-28,FALSE,FALSE,FALSE,L,S,1,14,1,1,20,NA
2025-0027,104-12,104,12,Pavement,1,6,4,NA,2025-05-23,2025-05-28,TRUE,TRUE,TRUE,NA,NA,0,NA,NA,NA,14,NA
2025-0028,233-6,233,6,Tree Bed,1,7,4,NA,2025-05-23,2025-05-28,FALSE,FALSE,FALSE,O,H,0,NA,0,NA,21,NA
2025-0029,479-11,479,11,Wall,1,1,5,2025-06-29,2025-05-23,2025-05-28,FALSE,FALSE,FALSE,O,H,0,NA,0,NA,18,NA
2025-0030,454-9,454,9,Pavement,1,2,5,2025-06-19,2025-05-23,2025-05-28,FALSE,FALSE,FALSE,NA,NA,1,22,NA,NA,8,Is forming a second row of rosette only after bolting and flowering
2025-0031,476-4,476,4,Wall,1,3,5,NA,2025-05-23,2025-05-28,FALSE,FALSE,FALSE,O,H,0,NA,0,NA,7,NA
2025-0032,342-7,342,7,Pavement,1,4,5,NA,2025-05-23,2025-05-28,TRUE,TRUE,TRUE,NA,NA,0,NA,NA,NA,18,NA
2025-0033,24-6,24,6,Wall,1,5,5,NA,2025-05-23,2025-05-28,FALSE,FALSE,FALSE,O,H,0,NA,0,NA,20,NA
2025-0034,1-11,1,11,Wall,1,6,5,NA,2025-05-23,2025-05-28,TRUE,TRUE,TRUE,NA,NA,0,NA,NA,NA,13,NA
2025-0035,265-21,265,21,Tree Bed,1,7,5,NA,2025-05-23,2025-05-28,FALSE,FALSE,FALSE,O,H,0,NA,0,NA,22,NA
2025-0036,265-11,265,11,Tree Bed,2,1,1,2025-06-23,2025-05-23,2025-05-28,FALSE,FALSE,FALSE,L,G,2,23,1,0,22,NA
2025-0037,241-7,241,7,Tree Bed,2,2,1,NA,2025-05-23,2025-05-28,FALSE,FALSE,FALSE,L,H,0,NA,1,NA,7,NA
2025-0038,481-5,481,5,Wall,2,3,1,NA,2025-05-23,2025-05-28,TRUE,TRUE,FALSE,O,H,0,NA,0,NA,16,NA
2025-0039,433-18,433,18,Wall,2,4,1,NA,2025-05-23,2025-05-28,FALSE,FALSE,FALSE,O,H,0,NA,0,NA,18,NA
2025-0040,478-18,478,18,Wall,2,5,1,NA,2025-05-23,2025-05-28,FALSE,FALSE,FALSE,O,H,0,NA,0,NA,19,NA
2025-0041,357-10,357,10,Wall,2,6,1,NA,2025-05-23,2025-05-28,FALSE,FALSE,FALSE,O,H,0,NA,0,NA,20,NA
2025-0042,263-8,263,8,Tree Bed,2,7,1,NA,2025-05-23,2025-05-28,FALSE,FALSE,FALSE,O,H,0,NA,0,NA,20,NA
2025-0043,184-8,184,8,Tree Bed,2,1,2,NA,2025-05-23,2025-05-28,TRUE,TRUE,TRUE,NA,NA,0,NA,NA,NA,19,NA
2025-0044,406-5,406,5,Pavement,2,2,2,2025-06-28,2025-05-23,2025-05-28,FALSE,FALSE,FALSE,L,WS,1,15,1,NA,14,NA
2025-0045,41-9,41,9,Grass,2,3,2,NA,2025-05-23,2025-05-28,FALSE,FALSE,FALSE,O,H,0,NA,0,NA,15,NA
2025-0046,282-13,282,13,Pavement,2,4,2,NA,2025-05-23,2025-05-28,TRUE,TRUE,TRUE,NA,NA,0,NA,NA,NA,20,NA
2025-0047,106-4,106,4,Pavement,2,5,2,NA,2025-05-23,2025-05-28,TRUE,TRUE,TRUE,NA,NA,0,NA,NA,NA,4,NA
2025-0048,172-4,172,4,Tree Bed,2,6,2,2025-06-25,2025-05-23,2025-05-28,FALSE,FALSE,FALSE,L,S,1,20,1,1,15,NA
2025-0049,456-3,456,3,Pavement,2,7,2,NA,2025-05-23,2025-05-28,FALSE,FALSE,FALSE,O,H,0,NA,0,NA,6,NA
2025-0050,180-9,180,9,Tree Bed,2,1,3,NA,2025-05-23,2025-05-28,FALSE,FALSE,FALSE,O,H,0,NA,0,NA,10,NA
2025-0051,122-2,122,2,Pavement,2,2,3,NA,2025-05-23,2025-05-28,FALSE,FALSE,FALSE,O,H,0,NA,0,NA,20,NA
2025-0052,361-4,361,4,Grass,2,3,3,NA,2025-05-23,2025-05-28,FALSE,FALSE,FALSE,O,H,0,NA,0,NA,5,NA
2025-0053,180-7,180,7,Tree Bed,2,4,3,NA,2025-05-23,2025-05-28,FALSE,FALSE,FALSE,O,H,0,NA,0,NA,10,NA
2025-0054,1-10,1,10,Wall,2,5,3,NA,2025-05-23,2025-05-28,FALSE,FALSE,FALSE,O,H,0,NA,0,NA,13,NA
2025-0055,477-15,477,15,Wall,2,6,3,2025-06-23,2025-05-23,2025-05-28,FALSE,FALSE,FALSE,L,G,1,21,1,0,20,NA
2025-0056,265-14,265,14,Tree Bed,2,7,3,NA,2025-05-23,2025-05-28,FALSE,FALSE,FALSE,O,H,0,NA,0,NA,22,NA
2025-0057,487-8,487,8,Wall,2,1,4,2025-06-28,2025-05-23,2025-05-28,FALSE,FALSE,FALSE,L,G,1,14,1,0,19,NA
2025-0058,258-18,258,18,Wall,2,2,4,NA,2025-05-23,2025-05-28,FALSE,FALSE,FALSE,O,H,0,NA,0,NA,23,NA
2025-0059,451-8,451,8,Pavement,2,3,4,2025-06-27,2025-05-23,2025-05-28,FALSE,FALSE,FALSE,L,WS,1,14,1,NA,15,NA
2025-0060,177-6,177,6,Tree Bed,2,4,4,NA,2025-05-23,2025-05-28,FALSE,FALSE,FALSE,O,H,0,NA,0,NA,20,NA
2025-0061,206-3,206,3,Wall,2,5,4,NA,2025-05-23,2025-05-28,FALSE,FALSE,FALSE,O,H,0,NA,0,NA,4,NA
2025-0062,203-9,203,9,Pavement,2,6,4,NA,2025-05-23,2025-05-28,FALSE,FALSE,FALSE,O,H,0,NA,0,NA,11,NA
2025-0063,184-17,184,17,Tree Bed,2,7,4,NA,2025-05-23,2025-05-28,TRUE,TRUE,TRUE,NA,NA,0,NA,NA,NA,19,NA
2025-0064,258-10,258,10,Wall,2,1,5,NA,2025-05-23,2025-05-28,FALSE,FALSE,FALSE,O,H,0,NA,0,NA,23,NA
2025-0065,494-9,494,9,Wall,2,2,5,NA,2025-05-23,2025-05-28,FALSE,FALSE,FALSE,L,S,0,NA,1,1,12,NA
2025-0066,359-3,359,3,Grass,2,3,5,NA,2025-05-23,2025-05-28,FALSE,FALSE,FALSE,L,H,0,NA,1,NA,10,NA
2025-0067,310-13,310,13,Tree Bed,2,4,5,2025-06-21,2025-05-23,2025-05-28,FALSE,FALSE,FALSE,O,H,1,24,0,NA,33,NA
2025-0068,265-18,265,18,Tree Bed,2,5,5,NA,2025-05-23,2025-05-28,FALSE,FALSE,FALSE,O,H,0,NA,0,NA,22,NA
2025-0069,474-14,474,14,Wall,2,6,5,NA,2025-05-23,2025-05-28,FALSE,FALSE,FALSE,O,H,0,NA,0,NA,21,NA
2025-0070,477-14,477,14,Wall,2,7,5,2025-06-21,2025-05-23,2025-05-28,FALSE,FALSE,FALSE,L,G,1,30,1,0,20,NA
2025-0071,488-2,488,2,Wall,3,1,1,NA,2025-05-20,2025-05-26,TRUE,TRUE,TRUE,NA,NA,0,NA,NA,NA,25,NA
2025-0072,447-8,447,8,Grass,3,2,1,NA,2025-05-20,2025-05-26,FALSE,FALSE,FALSE,L,WS,0,NA,1,NA,10,Not serrated but waved from the middle nerv towards the edge
2025-0073,203-5,203,5,Pavement,3,3,1,NA,2025-05-20,2025-05-26,FALSE,FALSE,FALSE,O,H,0,NA,0,NA,11,NA
2025-0074,113-3,113,3,Pavement,3,4,1,2025-07-07,2025-05-20,2025-05-26,FALSE,FALSE,FALSE,O,H,0,NA,0,NA,13,NA
2025-0075,179-1,179,1,Tree Bed,3,5,1,2025-07-02,2025-05-20,2025-05-26,FALSE,FALSE,FALSE,O,H,0,NA,0,NA,4,NA
2025-0076,468-16,468,16,Pavement,3,6,1,NA,2025-05-20,2025-05-26,FALSE,FALSE,FALSE,O,H,0,NA,0,NA,14,NA
2025-0077,452-3,452,3,Pavement,3,7,1,2025-06-23,2025-05-20,2025-05-26,FALSE,FALSE,FALSE,OL,WS,1,19,NA,NA,6,NA
2025-0078,494-20,494,20,Wall,3,1,2,NA,2025-05-20,2025-05-26,FALSE,FALSE,FALSE,O,WS,0,NA,0,NA,12,NA
2025-0079,282-7,282,7,Pavement,3,2,2,NA,2025-05-20,2025-05-26,FALSE,FALSE,FALSE,O,WS,0,NA,0,NA,20,NA
2025-0080,159-8,159,8,Tree Bed,3,3,2,NA,2025-05-20,2025-05-26,FALSE,FALSE,FALSE,O,WS,0,NA,0,NA,16,NA
2025-0081,264-2,264,2,Tree Bed,3,4,2,NA,2025-05-20,2025-05-26,FALSE,FALSE,FALSE,O,WS,0,NA,0,NA,13,NA
2025-0082,45-11,45,11,Grass,3,5,2,NA,2025-05-20,2025-05-26,FALSE,FALSE,FALSE,L,H,0,NA,1,NA,19,NA
2025-0083,454-7,454,7,Pavement,3,6,2,NA,2025-05-20,2025-05-26,FALSE,FALSE,FALSE,O,H,0,NA,0,NA,8,NA
2025-0084,233-11,233,11,Tree Bed,3,7,2,NA,2025-05-20,2025-05-26,FALSE,FALSE,FALSE,O,H,0,NA,0,NA,21,NA
2025-0085,45-13,45,13,Grass,3,1,3,NA,2025-05-20,2025-05-26,FALSE,FALSE,FALSE,O,WS,0,NA,0,NA,19,NA
2025-0086,488-5,488,5,Wall,3,2,3,NA,2025-05-20,2025-05-26,FALSE,FALSE,FALSE,O,H,0,NA,0,NA,25,NA
2025-0087,184-6,184,6,Tree Bed,3,3,3,NA,2025-05-20,2025-05-26,FALSE,FALSE,FALSE,O,H,0,NA,0,NA,19,NA
2025-0088,428-19,428,19,Wall,3,4,3,NA,2025-05-20,2025-05-26,FALSE,FALSE,FALSE,O,H,0,NA,0,NA,20,NA
2025-0089,433-4,433,4,Wall,3,5,3,2025-06-21,2025-05-20,2025-05-26,FALSE,FALSE,FALSE,OL,H,1,25,NA,NA,18,NA
2025-0090,105-10,105,10,Pavement,3,6,3,NA,2025-05-20,2025-05-26,FALSE,FALSE,FALSE,O,WS,0,NA,0,NA,12,NA
2025-0091,342-10,342,10,Pavement,3,7,3,NA,2025-05-20,2025-05-26,FALSE,FALSE,FALSE,O,H,0,NA,0,NA,18,NA
2025-0092,361-3,361,3,Grass,3,1,4,NA,2025-05-20,2025-05-26,FALSE,FALSE,FALSE,O,H,0,NA,0,NA,5,NA
2025-0093,347-11,347,11,Pavement,3,2,4,2025-06-20,2025-05-20,2025-05-26,FALSE,FALSE,FALSE,L,H,1,31,1,NA,19,NA
2025-0094,462-3,462,3,Grass,3,3,4,NA,2025-05-20,2025-05-26,FALSE,FALSE,FALSE,O,WS,0,NA,0,NA,5,NA
2025-0095,179-3,179,3,Tree Bed,3,4,4,NA,2025-05-20,2025-05-26,FALSE,FALSE,FALSE,O,WS,0,NA,0,NA,4,NA
2025-0096,408-1,408,1,Pavement,3,5,4,NA,2025-05-20,2025-05-26,FALSE,FALSE,FALSE,O,WS,0,NA,0,NA,6,NA
2025-0097,462-2,462,2,Grass,3,6,4,NA,2025-05-20,2025-05-26,FALSE,FALSE,FALSE,O,WS,0,NA,0,NA,5,NA
2025-0098,491-17,491,17,Wall,3,7,4,NA,2025-05-20,2025-05-26,FALSE,FALSE,FALSE,O,H,0,NA,0,NA,18,NA
2025-0099,474-12,474,12,Wall,3,1,5,NA,2025-05-20,2025-05-26,FALSE,FALSE,FALSE,O,WS,0,NA,0,NA,21,NA
2025-0100,483-13,483,13,Wall,3,2,5,NA,2025-05-20,2025-05-26,FALSE,FALSE,FALSE,O,H,0,NA,0,NA,20,NA
2025-0101,191-6,191,6,Pavement,3,3,5,NA,2025-05-20,2025-05-26,FALSE,FALSE,FALSE,O,WS,0,NA,0,NA,8,NA
2025-0102,179-4,179,4,Tree Bed,3,4,5,NA,2025-05-20,2025-05-26,FALSE,FALSE,FALSE,O,H,0,NA,0,NA,4,NA
2025-0103,113-12,113,12,Pavement,3,5,5,NA,2025-05-20,2025-05-26,FALSE,FALSE,FALSE,OL,WS,0,NA,NA,NA,13,NA
2025-0104,428-12,428,12,Wall,3,6,5,NA,2025-05-20,2025-05-26,FALSE,FALSE,FALSE,O,H,0,NA,0,NA,20,NA
2025-0105,459-12,459,12,Grass,3,7,5,2025-07-07,2025-05-20,2025-05-26,FALSE,FALSE,FALSE,O,H,0,NA,0,NA,13,NA
2025-0106,468-9,468,9,Pavement,4,1,1,NA,2025-05-23,2025-05-28,FALSE,FALSE,FALSE,O,H,0,NA,0,NA,14,NA
2025-0107,161-1,161,1,Tree Bed,4,2,1,NA,2025-05-23,2025-05-28,FALSE,FALSE,FALSE,O,H,0,NA,0,NA,4,NA
2025-0108,113-13,113,13,Pavement,4,3,1,NA,2025-05-23,2025-05-28,FALSE,FALSE,FALSE,O,H,0,NA,0,NA,13,NA
2025-0110,49-11,49,11,Grass,4,5,1,2025-07-07,2025-05-23,2025-05-28,FALSE,FALSE,FALSE,O,H,0,NA,0,NA,20,NA
2025-0111,41-2,41,2,Grass,4,6,1,NA,2025-05-23,2025-05-28,FALSE,FALSE,FALSE,O,H,0,NA,0,NA,15,NA
2025-0112,359-9,359,9,Grass,4,7,1,NA,2025-05-23,2025-05-28,FALSE,FALSE,FALSE,O,H,0,NA,0,NA,10,NA
2025-0113,156-13,156,13,Pavement,4,1,2,NA,2025-05-23,2025-05-28,FALSE,FALSE,FALSE,O,H,0,NA,0,NA,17,NA
2025-0114,448-5,448,5,Grass,4,2,2,NA,2025-05-23,2025-05-28,FALSE,FALSE,FALSE,O,H,0,NA,0,NA,18,NA
2025-0115,102-3,102,3,Pavement,4,3,2,NA,2025-05-23,2025-05-28,TRUE,TRUE,FALSE,NA,NA,0,NA,NA,NA,12,Germinated 27.6
2025-0116,361-5,361,5,Grass,4,4,2,NA,2025-05-23,2025-05-28,TRUE,TRUE,TRUE,NA,NA,0,NA,NA,NA,5,NA
2025-0117,102-11,102,11,Pavement,4,5,2,2025-06-21,2025-05-23,2025-05-28,FALSE,FALSE,FALSE,O,H,1,18,0,NA,12,NA
2025-0118,345-14,345,14,Pavement,4,6,2,NA,2025-05-23,2025-05-28,TRUE,TRUE,TRUE,NA,NA,0,NA,NA,NA,14,NA
2025-0119,102-7,102,7,Pavement,4,7,2,NA,2025-05-23,2025-05-28,FALSE,FALSE,FALSE,O,WS,0,NA,0,NA,12,NA
2025-0120,346-19,346,19,Pavement,4,1,3,NA,2025-05-23,2025-05-28,TRUE,TRUE,TRUE,NA,NA,0,NA,NA,NA,14,NA
2025-0121,265-13,265,13,Tree Bed,4,2,3,NA,2025-05-23,2025-05-28,FALSE,FALSE,FALSE,O,H,0,NA,0,NA,22,NA
2025-0122,441-4,441,4,Pavement,4,3,3,NA,2025-05-23,2025-05-28,FALSE,FALSE,FALSE,O,H,0,NA,0,NA,4,NA
2025-0123,172-9,172,9,Tree Bed,4,4,3,NA,2025-05-23,2025-05-28,TRUE,FALSE,FALSE,O,H,0,NA,0,NA,15,NA
2025-0124,233-8,233,8,Tree Bed,4,5,3,NA,2025-05-23,2025-05-28,TRUE,FALSE,FALSE,O,H,0,NA,0,NA,21,NA
2025-0125,480-15,480,15,Wall,4,6,3,NA,2025-05-23,2025-05-28,FALSE,FALSE,FALSE,O,WS,0,NA,0,NA,14,NA
2025-0126,482-17,482,17,Wall,4,7,3,NA,2025-05-23,2025-05-28,TRUE,TRUE,TRUE,NA,NA,0,NA,NA,NA,17,NA
2025-0127,466-6,466,6,Pavement,4,1,4,2025-06-25,2025-05-23,2025-05-28,FALSE,FALSE,FALSE,OL,H,1,12,NA,NA,20,NA
2025-0128,47-18,47,18,Grass,4,2,4,NA,2025-05-23,2025-05-28,TRUE,TRUE,TRUE,NA,NA,0,NA,NA,NA,20,NA
2025-0129,105-4,105,4,Pavement,4,3,4,NA,2025-05-23,2025-05-28,FALSE,FALSE,FALSE,O,H,0,NA,0,NA,12,NA
2025-0130,203-8,203,8,Pavement,4,4,4,NA,2025-05-23,2025-05-28,FALSE,FALSE,FALSE,O,WS,0,NA,0,NA,11,NA
2025-0131,468-6,468,6,Pavement,4,5,4,NA,2025-05-23,2025-05-28,FALSE,FALSE,FALSE,O,H,0,NA,0,NA,14,NA
2025-0132,477-17,477,17,Wall,4,6,4,2025-06-21,2025-05-23,2025-05-28,FALSE,FALSE,FALSE,O,H,1,12,0,NA,20,NA
2025-0133,477-11,477,11,Wall,4,7,4,NA,2025-05-23,2025-05-28,TRUE,TRUE,TRUE,NA,NA,0,NA,NA,NA,20,NA
2025-0134,451-14,451,14,Pavement,4,1,5,2025-06-22,2025-05-23,2025-05-28,FALSE,FALSE,FALSE,OL,H,1,20,NA,NA,15,NA
2025-0135,406-4,406,4,Pavement,4,2,5,NA,2025-05-23,2025-05-28,TRUE,TRUE,TRUE,NA,NA,0,NA,NA,NA,14,NA
2025-0136,49-14,49,14,Grass,4,3,5,NA,2025-05-23,2025-05-28,FALSE,FALSE,FALSE,O,H,0,NA,0,NA,20,NA
2025-0137,7-7,7,7,Wall,4,4,5,NA,2025-05-23,2025-05-28,FALSE,FALSE,FALSE,O,H,0,NA,0,NA,18,NA
2025-0138,477-16,477,16,Wall,4,5,5,NA,2025-05-23,2025-05-28,TRUE,TRUE,TRUE,NA,NA,0,NA,NA,NA,20,NA
2025-0139,34-13,34,13,Grass,4,6,5,NA,2025-05-23,2025-05-28,FALSE,FALSE,FALSE,O,H,0,NA,0,NA,15,NA
2025-0140,463-10,463,10,Grass,4,7,5,NA,2025-05-23,2025-05-28,TRUE,TRUE,TRUE,NA,NA,0,NA,NA,NA,9,NA
2025-0141,491-9,491,9,Wall,5,1,1,NA,2025-05-20,2025-05-26,FALSE,FALSE,FALSE,O,H,0,NA,0,NA,18,NA
2025-0142,486-9,486,9,Wall,5,2,1,NA,2025-05-20,2025-05-26,FALSE,FALSE,FALSE,O,H,0,NA,0,NA,17,NA
2025-0143,359-1,359,1,Grass,5,3,1,2025-07-02,2025-05-20,2025-05-26,FALSE,FALSE,FALSE,O,H,1,2,0,NA,10,is bolting on 30.6
2025-0144,482-1,482,1,Wall,5,4,1,2025-06-21,2025-05-20,2025-05-26,FALSE,FALSE,FALSE,O,H,1,23,0,NA,17,NA
2025-0145,484-1,484,1,Wall,5,5,1,2025-07-03,2025-05-20,2025-05-26,FALSE,FALSE,FALSE,O,H,NA,NA,0,NA,22,NA
2025-0146,451-7,451,7,Pavement,5,6,1,2025-07-06,2025-05-20,2025-05-26,FALSE,FALSE,FALSE,L,H,NA,NA,1,NA,15,NA
2025-0147,428-17,428,17,Wall,5,7,1,2025-06-24,2025-05-20,2025-05-26,FALSE,FALSE,FALSE,OL,H,1,24,NA,NA,20,NA
2025-0148,409-16,409,16,Pavement,5,1,2,NA,2025-05-20,2025-05-26,FALSE,FALSE,FALSE,O,H,NA,NA,0,NA,7,NA
2025-0149,264-9,264,9,Tree Bed,5,2,2,NA,2025-05-20,2025-05-26,FALSE,FALSE,FALSE,O,H,NA,NA,0,NA,13,NA
2025-0150,405-2,405,2,Pavement,5,3,2,2025-06-24,2025-05-20,2025-05-26,FALSE,FALSE,FALSE,O,H,1,17,0,NA,21,NA
2025-0151,156-12,156,12,Pavement,5,4,2,NA,2025-05-20,2025-05-26,FALSE,FALSE,FALSE,O,WS,NA,NA,0,NA,17,NA
2025-0152,8-13,8,13,Wall,5,5,2,NA,2025-05-20,2025-05-26,FALSE,FALSE,FALSE,O,H,NA,NA,0,NA,20,NA
2025-0153,474-4,474,4,Wall,5,6,2,2025-06-20,2025-05-20,2025-05-26,FALSE,FALSE,FALSE,L,WS,1,24,1,NA,21,NA
2025-0154,458-16,458,16,Pavement,5,7,2,2025-06-19,2025-05-20,2025-05-26,FALSE,FALSE,FALSE,L,WS,1,31,1,NA,19,NA
2025-0155,491-2,491,2,Wall,5,1,3,NA,2025-05-20,2025-05-26,TRUE,TRUE,TRUE,NA,NA,NA,NA,NA,NA,18,NA
2025-0156,453-11,453,11,Pavement,5,2,3,NA,2025-05-20,2025-05-26,FALSE,FALSE,FALSE,O,WS,NA,NA,0,NA,20,NA
2025-0157,19-6,19,6,Wall,5,3,3,2025-06-22,2025-05-20,2025-05-26,FALSE,FALSE,FALSE,OL,WS,1,24,NA,NA,6,NA
2025-0158,483-15,483,15,Wall,5,4,3,2025-06-29,2025-05-20,2025-05-26,FALSE,FALSE,FALSE,O,H,1,6,0,NA,20,is bolting on 30.6
2025-0159,168-11,168,11,Tree Bed,5,5,3,NA,2025-05-20,2025-05-26,FALSE,FALSE,FALSE,O,H,NA,NA,0,NA,20,NA
2025-0160,489-7,489,7,Wall,5,6,3,2025-06-17,2025-05-20,2025-05-26,FALSE,FALSE,FALSE,OL,G,1,29,NA,0,22,NA
2025-0161,407-16,407,16,Pavement,5,7,3,NA,2025-05-20,2025-05-26,FALSE,FALSE,FALSE,L,WS,NA,NA,1,NA,19,NA
2025-0162,344-12,344,12,Pavement,5,1,4,NA,2025-05-20,2025-05-26,TRUE,TRUE,TRUE,NA,NA,NA,NA,NA,NA,19,NA
2025-0163,310-14,310,14,Tree Bed,5,2,4,NA,2025-05-20,2025-05-26,FALSE,FALSE,FALSE,O,WS,NA,NA,0,NA,33,NA
2025-0164,267-3,267,3,Tree Bed,5,3,4,2025-06-28,2025-05-20,2025-05-26,FALSE,FALSE,FALSE,L,WS,1,10,1,NA,21,NA
2025-0165,479-8,479,8,Wall,5,4,4,NA,2025-05-20,2025-05-26,FALSE,FALSE,FALSE,O,WS,NA,NA,0,NA,18,NA
2025-0166,424-4,424,4,Wall,5,5,4,2025-07-07,2025-05-20,2025-05-26,FALSE,FALSE,FALSE,OL,WS,NA,NA,NA,NA,4,NA
2025-0167,263-7,263,7,Tree Bed,5,6,4,NA,2025-05-20,2025-05-26,FALSE,FALSE,FALSE,OL,WS,NA,NA,NA,NA,20,NA
2025-0168,407-10,407,10,Pavement,5,7,4,2025-06-30,2025-05-20,2025-05-26,FALSE,FALSE,FALSE,OL,WS,1,3,NA,NA,19,is bolting on 30.6
2025-0169,34-4,34,4,Grass,5,1,5,NA,2025-05-20,2025-05-26,FALSE,FALSE,FALSE,O,H,NA,NA,0,NA,15,NA
2025-0170,104-6,104,6,Pavement,5,2,5,2025-06-19,2025-05-20,2025-05-26,FALSE,FALSE,FALSE,OL,H,NA,NA,NA,NA,14,Bolted before making second row of rosette leaves
2025-0171,35-8,35,8,Grass,5,3,5,NA,2025-05-20,2025-05-26,FALSE,FALSE,FALSE,O,H,NA,NA,0,NA,20,NA
2025-0172,471-4,471,4,Pavement,5,4,5,NA,2025-05-20,2025-05-26,FALSE,FALSE,FALSE,O,H,NA,NA,0,NA,5,NA
2025-0173,347-4,347,4,Pavement,5,5,5,2025-06-19,2025-05-20,2025-05-26,FALSE,FALSE,FALSE,OL,WS,1,24,NA,NA,19,NA
2025-0174,429-3,429,3,Wall,5,6,5,NA,2025-05-20,2025-05-26,FALSE,FALSE,FALSE,O,WS,NA,NA,0,NA,5,NA
2025-0175,409-11,409,11,Pavement,5,7,5,NA,2025-05-20,2025-05-26,FALSE,FALSE,FALSE,O,WS,NA,NA,0,NA,7,NA
2025-0176,191-4,191,4,Pavement,6,1,1,NA,2025-05-20,2025-05-26,FALSE,FALSE,FALSE,O,H,NA,NA,0,NA,8,NA
2025-0177,472-15,472,15,Wall,6,2,1,NA,2025-05-20,2025-05-26,FALSE,FALSE,FALSE,O,H,NA,NA,0,NA,18,NA
2025-0178,478-13,478,13,Wall,6,3,1,NA,2025-05-20,2025-05-26,FALSE,FALSE,FALSE,OL,H,NA,NA,NA,NA,19,NA
2025-0179,345-11,345,11,Pavement,6,4,1,2025-06-16,2025-05-20,2025-05-26,FALSE,FALSE,FALSE,OL,WS,1,24,NA,NA,14,Bolted and flowered without second row of rosette leaves
2025-0180,255-1,255,1,Grass,6,5,1,NA,2025-05-20,2025-05-26,FALSE,FALSE,FALSE,O,H,NA,NA,0,NA,6,NA
2025-0181,408-6,408,6,Pavement,6,6,1,2025-06-27,2025-05-20,2025-05-26,FALSE,FALSE,FALSE,O,H,1,16,0,NA,6,NA
2025-0182,357-15,357,15,Wall,6,7,1,2025-07-07,2025-05-20,2025-05-26,FALSE,FALSE,FALSE,O,H,NA,NA,0,NA,20,NA
2025-0183,384-6,384,6,Grass,6,1,2,2025-06-27,2025-05-20,2025-05-26,FALSE,FALSE,FALSE,O,WS,1,18,0,NA,16,NA
2025-0184,479-16,479,16,Wall,6,2,2,NA,2025-05-20,2025-05-26,FALSE,FALSE,FALSE,O,H,NA,NA,0,NA,18,NA
2025-0185,439-10,439,10,Wall,6,3,2,NA,2025-05-20,2025-05-26,FALSE,FALSE,FALSE,O,H,NA,NA,0,NA,15,NA
2025-0186,479-6,479,6,Wall,6,4,2,NA,2025-05-20,2025-05-26,FALSE,FALSE,FALSE,O,WS,NA,NA,0,NA,18,NA
2025-0187,477-8,477,8,Wall,6,5,2,2025-06-21,2025-05-20,2025-05-26,FALSE,FALSE,FALSE,OL,H,1,25,NA,NA,20,NA
2025-0188,384-2,384,2,Grass,6,6,2,2025-06-25,2025-05-20,2025-05-26,FALSE,FALSE,FALSE,OL,H,1,16,NA,NA,16,NA
2025-0189,357-7,357,7,Wall,6,7,2,NA,2025-05-20,2025-05-26,FALSE,FALSE,FALSE,O,H,NA,NA,0,NA,20,NA
2025-0190,156-5,156,5,Pavement,6,1,3,NA,2025-05-20,2025-05-26,FALSE,FALSE,FALSE,O,H,NA,NA,0,NA,17,NA
2025-0191,439-12,439,12,Wall,6,2,3,NA,2025-05-20,2025-05-26,FALSE,FALSE,FALSE,O,H,NA,NA,0,NA,15,NA
2025-0192,491-6,491,6,Wall,6,3,3,NA,2025-05-20,2025-05-26,FALSE,FALSE,FALSE,O,H,NA,NA,0,NA,18,NA
2025-0193,182-4,182,4,Tree Bed,6,4,3,2025-06-28,2025-05-20,2025-05-26,FALSE,FALSE,FALSE,L,S,1,9,1,1,4,NA
2025-0194,267-11,267,11,Tree Bed,6,5,3,2025-06-29,2025-05-20,2025-05-26,FALSE,FALSE,FALSE,L,S,1,7,1,1,21,NA
2025-0195,27-11,27,11,Wall,6,6,3,NA,2025-05-20,2025-05-26,FALSE,FALSE,FALSE,O,H,NA,NA,0,NA,20,NA
2025-0196,180-11,180,11,Tree Bed,6,7,3,NA,2025-05-20,2025-05-26,FALSE,FALSE,FALSE,O,H,NA,NA,0,NA,10,NA
2025-0197,45-4,45,4,Grass,6,1,4,NA,2025-05-20,2025-05-26,FALSE,FALSE,FALSE,OL,H,NA,NA,NA,NA,19,NA
2025-0198,448-9,448,9,Grass,6,2,4,NA,2025-05-20,2025-05-26,FALSE,FALSE,FALSE,OL,H,NA,NA,NA,NA,18,NA
2025-0199,41-3,41,3,Grass,6,3,4,NA,2025-05-20,2025-05-26,FALSE,FALSE,FALSE,OL,H,NA,NA,NA,NA,15,NA
2025-0200,191-5,191,5,Pavement,6,4,4,NA,2025-05-20,2025-05-26,FALSE,FALSE,FALSE,O,WS,NA,NA,0,NA,8,NA
2025-0201,346-11,346,11,Pavement,6,5,4,NA,2025-05-20,2025-05-26,FALSE,FALSE,FALSE,L,WS,NA,NA,1,NA,14,NA
2025-0202,263-6,263,6,Tree Bed,6,6,4,NA,2025-05-20,2025-05-26,FALSE,FALSE,FALSE,L,WS,NA,NA,1,NA,20,NA
2025-0203,233-17,233,17,Tree Bed,6,7,4,NA,2025-05-20,2025-05-26,FALSE,FALSE,FALSE,OL,WS,NA,NA,NA,NA,21,NA
2025-0204,491-14,491,14,Wall,6,1,5,NA,2025-05-20,2025-05-26,FALSE,FALSE,FALSE,O,H,NA,NA,0,NA,18,NA
2025-0205,448-7,448,7,Grass,6,2,5,NA,2025-05-20,2025-05-26,FALSE,FALSE,FALSE,O,H,NA,NA,0,NA,18,NA
2025-0206,104-5,104,5,Pavement,6,3,5,NA,2025-05-20,2025-05-26,FALSE,FALSE,FALSE,O,H,NA,NA,0,NA,14,NA
2025-0207,255-3,255,3,Grass,6,4,5,NA,2025-05-20,2025-05-26,FALSE,FALSE,FALSE,O,H,NA,NA,0,NA,6,NA
2025-0208,172-3,172,3,Tree Bed,6,5,5,2025-06-21,2025-05-20,2025-05-26,FALSE,FALSE,FALSE,L,S,1,24,1,1,15,NA
2025-0209,233-2,233,2,Tree Bed,6,6,5,NA,2025-05-20,2025-05-26,FALSE,FALSE,FALSE,O,H,NA,NA,0,NA,21,NA
2025-0210,7-11,7,11,Wall,6,7,5,2025-06-19,2025-05-20,2025-05-26,FALSE,FALSE,FALSE,OL,WS,1,30,NA,NA,18,Flowered before making third rosette leaves row
2025-0211,478-12,478,12,Wall,7,1,1,NA,2025-05-19,2025-05-26,FALSE,FALSE,FALSE,O,H,NA,NA,0,NA,19,NA
2025-0212,447-4,447,4,Grass,7,2,1,2025-06-19,2025-05-19,2025-05-26,FALSE,FALSE,FALSE,OL,WS,NA,NA,NA,NA,10,NA
2025-0213,348-6,348,6,Pavement,7,3,1,NA,2025-05-19,2025-05-26,FALSE,FALSE,FALSE,O,G,NA,NA,0,0,19,NA
2025-0214,348-12,348,12,Pavement,7,4,1,NA,2025-05-19,2025-05-26,FALSE,FALSE,FALSE,O,H,NA,NA,0,NA,19,NA
2025-0215,449-18,449,18,Grass,7,5,1,NA,2025-05-19,2025-05-26,TRUE,TRUE,TRUE,NA,NA,NA,NA,NA,NA,21,NA
2025-0216,182-3,182,3,Tree Bed,7,6,1,NA,2025-05-19,2025-05-26,TRUE,TRUE,TRUE,NA,NA,NA,NA,NA,NA,4,NA
2025-0217,305-3,305,3,Tree Bed,7,7,1,2025-06-19,2025-05-19,2025-05-26,FALSE,FALSE,FALSE,O,WS,1,29,0,NA,4,NA
2025-0218,113-7,113,7,Pavement,7,1,2,NA,2025-05-19,2025-05-26,FALSE,FALSE,FALSE,O,WS,NA,NA,0,NA,13,NA
2025-0219,447-6,447,6,Grass,7,2,2,NA,2025-05-19,2025-05-26,FALSE,FALSE,FALSE,L,WS,NA,NA,1,NA,10,NA
2025-0220,475-1,475,1,Wall,7,3,2,2025-06-19,2025-05-19,2025-05-26,FALSE,FALSE,FALSE,L,WS,1,26,1,NA,4,NA
2025-0221,305-4,305,4,Tree Bed,7,4,2,NA,2025-05-19,2025-05-26,TRUE,TRUE,TRUE,NA,NA,NA,NA,NA,NA,4,NA
2025-0222,241-3,241,3,Tree Bed,7,5,2,2025-06-17,2025-05-19,2025-05-26,FALSE,FALSE,FALSE,L,G,2,31,1,0,7,NA
2025-0223,482-3,482,3,Wall,7,6,2,NA,2025-05-19,2025-05-26,FALSE,FALSE,FALSE,O,H,NA,NA,0,NA,17,NA
2025-0224,451-4,451,4,Pavement,7,7,2,2025-06-19,2025-05-19,2025-05-26,FALSE,FALSE,FALSE,L,WS,2,31,1,NA,15,NA
2025-0225,159-6,159,6,Tree Bed,7,1,3,NA,2025-05-19,2025-05-26,FALSE,FALSE,FALSE,O,H,NA,NA,0,NA,16,NA
2025-0226,7-12,7,12,Wall,7,2,3,NA,2025-05-19,2025-05-26,TRUE,TRUE,TRUE,NA,NA,NA,NA,NA,NA,18,NA
2025-0227,451-13,451,13,Pavement,7,3,3,NA,2025-05-19,2025-05-26,FALSE,FALSE,FALSE,O,S,NA,NA,0,1,15,NA
2025-0228,114-1,114,1,Pavement,7,4,3,NA,2025-05-19,2025-05-26,FALSE,FALSE,FALSE,O,WS,NA,NA,0,NA,4,NA
2025-0229,233-18,233,18,Tree Bed,7,5,3,NA,2025-05-19,2025-05-26,FALSE,FALSE,FALSE,OL,H,NA,NA,NA,NA,21,NA
2025-0230,488-8,488,8,Wall,7,6,3,NA,2025-05-19,2025-05-26,FALSE,FALSE,FALSE,O,S,NA,NA,0,1,25,NA
2025-0231,409-1,409,1,Pavement,7,7,3,NA,2025-05-19,2025-05-26,FALSE,FALSE,FALSE,O,H,NA,NA,0,NA,7,NA
2025-0232,466-14,466,14,Pavement,7,1,4,NA,2025-05-19,2025-05-26,FALSE,FALSE,FALSE,O,H,NA,NA,0,NA,20,NA
2025-0233,29-3,29,3,Wall,7,2,4,NA,2025-05-19,2025-05-26,FALSE,FALSE,FALSE,O,WS,NA,NA,0,NA,8,NA
2025-0234,491-5,491,5,Wall,7,3,4,NA,2025-05-19,2025-05-26,TRUE,TRUE,TRUE,NA,NA,NA,NA,NA,NA,18,NA
2025-0235,172-10,172,10,Tree Bed,7,4,4,2025-06-21,2025-05-19,2025-05-26,FALSE,FALSE,FALSE,OL,WS,2,21,NA,NA,15,NA
2025-0236,104-10,104,10,Pavement,7,5,4,NA,2025-05-19,2025-05-26,TRUE,TRUE,TRUE,NA,NA,NA,NA,NA,NA,14,NA
2025-0237,282-2,282,2,Pavement,7,6,4,NA,2025-05-19,2025-05-26,FALSE,FALSE,FALSE,OL,H,NA,NA,NA,NA,20,NA
2025-0238,384-3,384,3,Grass,7,7,4,2025-06-25,2025-05-19,2025-05-26,FALSE,FALSE,FALSE,OL,WS,1,26,NA,NA,16,NA
2025-0239,213-2,213,2,Pavement,7,1,5,NA,2025-05-19,2025-05-26,FALSE,FALSE,FALSE,OL,WS,NA,NA,NA,NA,4,NA
2025-0240,173-16,173,16,Tree Bed,7,2,5,NA,2025-05-19,2025-05-26,FALSE,FALSE,FALSE,OL,WS,NA,NA,NA,NA,20,NA
2025-0241,183-7,183,7,Tree Bed,7,3,5,NA,2025-05-19,2025-05-26,FALSE,FALSE,FALSE,O,WS,NA,NA,0,NA,20,NA
2025-0242,452-9,452,9,Pavement,7,4,5,2025-06-17,2025-05-19,2025-05-26,FALSE,FALSE,FALSE,OL,WS,1,32,NA,NA,6,NA
2025-0243,453-15,453,15,Pavement,7,5,5,NA,2025-05-19,2025-05-26,FALSE,FALSE,FALSE,O,H,NA,NA,0,NA,20,NA
2025-0244,494-1,494,1,Wall,7,6,5,2025-06-28,2025-05-19,2025-05-26,FALSE,FALSE,FALSE,OL,H,1,7,NA,NA,12,Is flowering
2025-0245,102-4,102,4,Pavement,7,7,5,2025-07-07,2025-05-19,2025-05-26,FALSE,FALSE,FALSE,O,S,NA,NA,0,1,12,NA
2025-0246,183-13,183,13,Tree Bed,8,1,1,NA,2025-05-19,2025-05-26,FALSE,FALSE,FALSE,O,H,NA,NA,0,NA,20,NA
2025-0247,24-3,24,3,Wall,8,2,1,NA,2025-05-19,2025-05-26,TRUE,TRUE,TRUE,NA,NA,NA,NA,NA,NA,20,NA
2025-0248,27-14,27,14,Wall,8,3,1,2025-06-22,2025-05-19,2025-05-26,FALSE,FALSE,FALSE,OL,WS,1,22,NA,NA,20,NA
2025-0249,448-6,448,6,Grass,8,4,1,NA,2025-05-19,2025-05-26,FALSE,FALSE,FALSE,OL,S,NA,NA,NA,1,18,NA
2025-0250,345-8,345,8,Pavement,8,5,1,NA,2025-05-19,2025-05-26,TRUE,TRUE,TRUE,NA,NA,NA,NA,NA,NA,14,NA
2025-0251,35-9,35,9,Grass,8,6,1,2025-06-21,2025-05-19,2025-05-26,FALSE,FALSE,FALSE,O,WS,1,30,0,NA,20,NA
2025-0252,184-14,184,14,Tree Bed,8,7,1,NA,2025-05-19,2025-05-26,FALSE,FALSE,FALSE,O,WS,NA,NA,0,NA,19,NA
2025-0253,476-2,476,2,Wall,8,1,2,NA,2025-05-19,2025-05-26,FALSE,FALSE,FALSE,OL,H,NA,NA,NA,NA,7,NA
2025-0254,258-19,258,19,Wall,8,2,2,NA,2025-05-19,2025-05-26,FALSE,FALSE,FALSE,O,H,NA,NA,0,NA,23,NA
2025-0255,258-1,258,1,Wall,8,3,2,NA,2025-05-19,2025-05-26,FALSE,FALSE,FALSE,O,H,NA,NA,0,NA,23,NA
2025-0256,359-10,359,10,Grass,8,4,2,NA,2025-05-19,2025-05-26,FALSE,FALSE,FALSE,O,H,NA,NA,0,NA,10,NA
2025-0257,449-11,449,11,Grass,8,5,2,NA,2025-05-19,2025-05-26,TRUE,TRUE,TRUE,NA,NA,NA,NA,NA,NA,21,NA
2025-0258,433-3,433,3,Wall,8,6,2,2025-07-03,2025-05-19,2025-05-26,FALSE,FALSE,FALSE,O,WS,NA,NA,0,NA,18,NA
2025-0259,258-15,258,15,Wall,8,7,2,NA,2025-05-19,2025-05-26,FALSE,FALSE,FALSE,O,WS,NA,NA,0,NA,23,NA
2025-0260,433-12,433,12,Wall,8,1,3,2025-06-27,2025-05-19,2025-05-26,FALSE,FALSE,FALSE,OL,WS,1,16,NA,NA,18,NA
2025-0261,7-14,7,14,Wall,8,2,3,NA,2025-05-19,2025-05-26,TRUE,FALSE,FALSE,O,H,NA,NA,0,NA,18,NA
2025-0262,474-7,474,7,Wall,8,3,3,NA,2025-05-19,2025-05-26,FALSE,FALSE,FALSE,O,H,NA,NA,0,NA,21,NA
2025-0263,447-7,447,7,Grass,8,4,3,NA,2025-05-19,2025-05-26,FALSE,FALSE,FALSE,OL,H,NA,NA,NA,NA,10,NA
2025-0264,479-1,479,1,Wall,8,5,3,NA,2025-05-19,2025-05-26,FALSE,FALSE,FALSE,O,H,NA,NA,0,NA,18,NA
2025-0265,167-2,167,2,Tree Bed,8,6,3,NA,2025-05-19,2025-05-26,FALSE,FALSE,FALSE,O,WS,NA,NA,0,NA,4,NA
2025-0266,357-5,357,5,Wall,8,7,3,2025-06-29,2025-05-19,2025-05-26,FALSE,FALSE,FALSE,OL,H,1,5,NA,NA,20,Is flowering
2025-0267,471-7,471,7,Pavement,8,1,4,NA,2025-05-19,2025-05-26,FALSE,FALSE,FALSE,O,H,NA,NA,0,NA,5,NA
2025-0268,102-1,102,1,Pavement,8,2,4,NA,2025-05-19,2025-05-26,FALSE,FALSE,FALSE,O,H,NA,NA,0,NA,12,NA
2025-0269,177-16,177,16,Tree Bed,8,3,4,NA,2025-05-19,2025-05-26,FALSE,FALSE,FALSE,O,H,NA,NA,0,NA,20,NA
2025-0270,456-6,456,6,Pavement,8,4,4,2025-06-19,2025-05-19,2025-05-26,FALSE,FALSE,FALSE,OL,WS,1,28,NA,NA,6,Only three rosette rows
2025-0271,424-2,424,2,Wall,8,5,4,NA,2025-05-19,2025-05-26,FALSE,FALSE,FALSE,OL,H,NA,NA,NA,NA,4,NA
2025-0272,184-15,184,15,Tree Bed,8,6,4,2025-06-21,2025-05-19,2025-05-26,FALSE,FALSE,FALSE,L,S,1,24,1,1,19,NA
2025-0273,447-10,447,10,Grass,8,7,4,NA,2025-05-19,2025-05-26,FALSE,FALSE,FALSE,O,WS,NA,NA,0,NA,10,NA
2025-0274,177-7,177,7,Tree Bed,8,1,5,NA,2025-05-19,2025-05-26,FALSE,FALSE,FALSE,O,H,NA,NA,0,NA,20,NA
2025-0275,494-14,494,14,Wall,8,2,5,NA,2025-05-19,2025-05-26,FALSE,FALSE,FALSE,L,WS,NA,NA,1,NA,12,NA
2025-0276,348-1,348,1,Pavement,8,3,5,NA,2025-05-19,2025-05-26,FALSE,FALSE,FALSE,O,H,NA,NA,0,NA,19,NA
2025-0277,405-3,405,3,Pavement,8,4,5,2025-06-19,2025-05-19,2025-05-26,FALSE,FALSE,FALSE,L,WS,1,29,1,NA,21,NA
2025-0278,487-7,487,7,Wall,8,5,5,2025-06-28,2025-05-19,2025-05-26,FALSE,FALSE,FALSE,OL,H,NA,NA,NA,NA,19,NA
2025-0279,469-3,469,3,Pavement,8,6,5,2025-07-04,2025-05-19,2025-05-26,FALSE,FALSE,FALSE,OL,WS,NA,NA,NA,NA,4,NA
2025-0280,484-3,484,3,Wall,8,7,5,NA,2025-05-19,2025-05-26,FALSE,FALSE,FALSE,OL,WS,NA,NA,NA,NA,22,NA
2025-0281,8-5,8,5,Wall,9,1,1,2025-06-27,2025-05-21,2025-05-26,FALSE,FALSE,FALSE,OL,H,NA,NA,NA,NA,20,NA
2025-0282,156-8,156,8,Pavement,9,2,1,NA,2025-05-21,2025-05-26,FALSE,FALSE,FALSE,OL,H,NA,NA,NA,NA,17,NA
2025-0283,488-18,488,18,Wall,9,3,1,NA,2025-05-21,2025-05-26,FALSE,FALSE,FALSE,O,WS,NA,NA,0,NA,25,NA
2025-0284,487-14,487,14,Wall,9,4,1,NA,2025-05-21,2025-05-26,FALSE,FALSE,FALSE,L,H,NA,NA,1,NA,19,NA
2025-0285,480-1,480,1,Wall,9,5,1,NA,2025-05-21,2025-05-26,TRUE,TRUE,TRUE,NA,NA,NA,NA,NA,NA,14,NA
2025-0286,408-4,408,4,Pavement,9,6,1,NA,2025-05-21,2025-05-26,FALSE,FALSE,FALSE,L,H,NA,NA,1,NA,6,NA
2025-0287,94-4,94,4,Pavement,9,7,1,NA,2025-05-21,2025-05-26,FALSE,FALSE,FALSE,OL,WS,NA,NA,NA,NA,4,NA
2025-0288,305-1,305,1,Tree Bed,9,1,2,NA,2025-05-21,2025-05-26,FALSE,FALSE,FALSE,OL,WS,NA,NA,NA,NA,4,NA
2025-0289,348-10,348,10,Pavement,9,2,2,NA,2025-05-21,2025-05-26,FALSE,FALSE,FALSE,O,WS,NA,NA,0,NA,19,NA
2025-0290,347-16,347,16,Pavement,9,3,2,NA,2025-05-21,2025-05-26,FALSE,FALSE,FALSE,OL,H,NA,NA,NA,NA,19,NA
2025-0291,456-4,456,4,Pavement,9,4,2,NA,2025-05-21,2025-05-26,FALSE,FALSE,FALSE,OL,H,NA,NA,NA,NA,6,NA
2025-0292,357-11,357,11,Wall,9,5,2,2025-06-29,2025-05-21,2025-05-26,FALSE,FALSE,FALSE,L,S,1,5,1,1,20,Is flowering
2025-0293,488-16,488,16,Wall,9,6,2,NA,2025-05-21,2025-05-26,FALSE,FALSE,FALSE,O,H,NA,NA,0,NA,25,NA
2025-0294,206-1,206,1,Wall,9,7,2,NA,2025-05-21,2025-05-26,FALSE,FALSE,FALSE,O,H,NA,NA,0,NA,4,NA
2025-0295,342-19,342,19,Pavement,9,1,3,NA,2025-05-21,2025-05-26,FALSE,FALSE,FALSE,OL,H,NA,NA,NA,NA,18,NA
2025-0296,488-12,488,12,Wall,9,2,3,NA,2025-05-21,2025-05-26,FALSE,FALSE,FALSE,OL,H,NA,NA,NA,NA,25,NA
2025-0297,203-3,203,3,Pavement,9,3,3,NA,2025-05-21,2025-05-26,FALSE,FALSE,FALSE,OL,H,NA,NA,NA,NA,11,NA
2025-0298,346-7,346,7,Pavement,9,4,3,NA,2025-05-21,2025-05-26,TRUE,TRUE,TRUE,NA,NA,NA,NA,NA,NA,14,NA
2025-0299,477-1,477,1,Wall,9,5,3,NA,2025-05-21,2025-05-26,FALSE,FALSE,FALSE,L,WS,NA,NA,1,NA,20,NA
2025-0300,484-21,484,21,Wall,9,6,3,NA,2025-05-21,2025-05-26,FALSE,FALSE,FALSE,OL,H,NA,NA,NA,NA,22,NA
2025-0301,481-3,481,3,Wall,9,7,3,NA,2025-05-21,2025-05-26,FALSE,FALSE,FALSE,O,H,NA,NA,0,NA,16,NA
2025-0302,29-5,29,5,Wall,9,1,4,NA,2025-05-21,2025-05-26,FALSE,FALSE,FALSE,O,WS,NA,NA,0,NA,8,NA
2025-0303,41-4,41,4,Grass,9,2,4,NA,2025-05-21,2025-05-26,FALSE,FALSE,FALSE,OL,H,NA,NA,NA,NA,15,NA
2025-0304,241-6,241,6,Tree Bed,9,3,4,NA,2025-05-21,2025-05-26,FALSE,FALSE,FALSE,OL,H,NA,NA,NA,NA,7,NA
2025-0305,27-4,27,4,Wall,9,4,4,2025-06-21,2025-05-21,2025-05-26,FALSE,FALSE,FALSE,L,WS,2,32,1,NA,20,NA
2025-0306,24-7,24,7,Wall,9,5,4,2025-06-20,2025-05-21,2025-05-26,FALSE,FALSE,FALSE,OL,H,1,34,NA,NA,20,NA
2025-0307,173-6,173,6,Tree Bed,9,6,4,2025-06-22,2025-05-21,2025-05-26,FALSE,FALSE,FALSE,L,WS,1,22,1,NA,20,NA
2025-0308,357-2,357,2,Wall,9,7,4,NA,2025-05-21,2025-05-26,FALSE,FALSE,FALSE,OL,WS,NA,NA,NA,NA,20,NA
2025-0309,47-12,47,12,Grass,9,1,5,2025-06-18,2025-05-21,2025-05-26,FALSE,FALSE,FALSE,OL,G,2,30,NA,0,20,NA
2025-0310,342-1,342,1,Pavement,9,2,5,NA,2025-05-21,2025-05-26,FALSE,FALSE,FALSE,O,H,NA,NA,0,NA,18,NA
2025-0311,405-17,405,17,Pavement,9,3,5,2025-06-20,2025-05-21,2025-05-26,FALSE,FALSE,FALSE,L,H,1,29,1,NA,21,NA
2025-0312,264-1,264,1,Tree Bed,9,4,5,NA,2025-05-21,2025-05-26,FALSE,FALSE,FALSE,OL,WS,NA,NA,NA,NA,13,NA
2025-0313,308-18,308,18,Tree Bed,9,5,5,2025-07-04,2025-05-21,2025-05-26,FALSE,FALSE,FALSE,OL,WS,NA,NA,NA,NA,15,NA
2025-0314,491-18,491,18,Wall,9,6,5,2025-06-24,2025-05-21,2025-05-26,FALSE,FALSE,FALSE,L,H,1,19,1,NA,18,NA
2025-0315,122-5,122,5,Pavement,9,7,5,NA,2025-05-21,2025-05-26,FALSE,FALSE,FALSE,O,WS,NA,NA,0,NA,20,NA
2025-0316,449-19,449,19,Grass,10,1,1,NA,2025-05-21,2025-05-26,FALSE,FALSE,FALSE,O,H,NA,NA,0,NA,21,NA
2025-0317,173-19,173,19,Tree Bed,10,2,1,NA,2025-05-21,2025-05-26,FALSE,FALSE,FALSE,O,H,NA,NA,0,NA,20,NA
2025-0318,454-4,454,4,Pavement,10,3,1,NA,2025-05-21,2025-05-26,FALSE,FALSE,FALSE,O,H,NA,NA,0,NA,8,NA
2025-0319,424-1,424,1,Wall,10,4,1,2025-06-24,2025-05-21,2025-05-26,FALSE,FALSE,FALSE,O,H,1,15,0,NA,4,NA
2025-0320,347-8,347,8,Pavement,10,5,1,NA,2025-05-21,2025-05-26,TRUE,TRUE,TRUE,NA,NA,NA,NA,NA,NA,19,NA
2025-0321,488-3,488,3,Wall,10,6,1,NA,2025-05-21,2025-05-26,FALSE,FALSE,FALSE,O,WS,NA,NA,0,NA,25,NA
2025-0322,359-2,359,2,Grass,10,7,1,2025-07-07,2025-05-21,2025-05-26,FALSE,FALSE,FALSE,OL,H,NA,NA,NA,NA,10,NA
2025-0323,484-8,484,8,Wall,10,1,2,NA,2025-05-21,2025-05-26,FALSE,FALSE,FALSE,OL,H,NA,NA,NA,NA,22,NA
2025-0324,113-1,113,1,Pavement,10,2,2,2025-06-24,2025-05-21,2025-05-26,FALSE,FALSE,FALSE,L,H,1,22,1,NA,13,NA
2025-0325,232-8,232,8,Tree Bed,10,3,2,2025-06-21,2025-05-21,2025-05-26,FALSE,FALSE,FALSE,L,WS,2,30,1,NA,19,NA
2025-0326,482-7,482,7,Wall,10,4,2,2025-06-19,2025-05-21,2025-05-26,FALSE,FALSE,FALSE,O,H,2,26,0,NA,17,NA
2025-0327,348-20,348,20,Pavement,10,5,2,NA,2025-05-21,2025-05-26,FALSE,FALSE,FALSE,O,H,NA,NA,0,NA,19,NA
2025-0328,34-3,34,3,Grass,10,6,2,NA,2025-05-21,2025-05-26,TRUE,TRUE,TRUE,NA,NA,NA,NA,NA,NA,15,NA
2025-0329,35-18,35,18,Grass,10,7,2,2025-06-18,2025-05-21,2025-05-26,FALSE,FALSE,FALSE,O,H,2,28,0,NA,20,NA
2025-0330,156-16,156,16,Pavement,10,1,3,NA,2025-05-21,2025-05-26,FALSE,FALSE,FALSE,O,H,NA,NA,0,NA,17,NA
2025-0331,454-2,454,2,Pavement,10,2,3,NA,2025-05-21,2025-05-26,FALSE,FALSE,FALSE,O,S,NA,NA,0,1,8,NA
2025-0332,433-14,433,14,Wall,10,3,3,2025-06-19,2025-05-21,2025-05-26,FALSE,FALSE,FALSE,L,G,2,31,1,0,18,NA
2025-0333,180-6,180,6,Tree Bed,10,4,3,NA,2025-05-21,2025-05-26,FALSE,FALSE,FALSE,O,H,NA,NA,0,NA,10,NA
2025-0334,359-4,359,4,Grass,10,5,3,NA,2025-05-21,2025-05-26,FALSE,FALSE,FALSE,OL,H,NA,NA,NA,NA,10,NA
2025-0335,459-5,459,5,Grass,10,6,3,NA,2025-05-21,2025-05-26,FALSE,FALSE,FALSE,O,H,NA,NA,0,NA,13,NA
2025-0336,203-2,203,2,Pavement,10,7,3,NA,2025-05-21,2025-05-26,FALSE,FALSE,FALSE,O,H,NA,NA,0,NA,11,NA
2025-0337,35-11,35,11,Grass,10,1,4,NA,2025-05-21,2025-05-26,TRUE,TRUE,TRUE,NA,NA,NA,NA,NA,NA,20,NA
2025-0338,187-1,187,1,Pavement,10,2,4,NA,2025-05-21,2025-05-26,FALSE,FALSE,FALSE,O,H,NA,NA,0,NA,5,NA
2025-0339,233-19,233,19,Tree Bed,10,3,4,NA,2025-05-21,2025-05-26,FALSE,FALSE,FALSE,O,H,NA,NA,0,NA,21,NA
2025-0340,308-16,308,16,Tree Bed,10,4,4,NA,2025-05-21,2025-05-26,TRUE,TRUE,TRUE,NA,NA,NA,NA,NA,NA,15,NA
2025-0341,489-4,489,4,Wall,10,5,4,2025-06-18,2025-05-21,2025-05-26,FALSE,FALSE,FALSE,O,WS,3,31,0,NA,22,NA
2025-0342,471-2,471,2,Pavement,10,6,4,2025-06-20,2025-05-21,2025-05-26,FALSE,FALSE,FALSE,O,H,1,28,0,NA,5,NA
2025-0343,428-15,428,15,Wall,10,7,4,2025-06-27,2025-05-21,2025-05-26,FALSE,FALSE,FALSE,O+L,H,1,12,NA,NA,20,NA
2025-0344,463-9,463,9,Grass,10,1,5,NA,2025-05-21,2025-05-26,FALSE,FALSE,FALSE,OL,WS,NA,NA,NA,NA,9,NA
2025-0345,177-10,177,10,Tree Bed,10,2,5,NA,2025-05-21,2025-05-26,FALSE,FALSE,FALSE,O,WS,NA,NA,0,NA,20,NA
2025-0346,384-4,384,4,Grass,10,3,5,2025-06-25,2025-05-21,2025-05-26,FALSE,FALSE,FALSE,OL,WS,1,26,NA,NA,16,NA
2025-0347,191-1,191,1,Pavement,10,4,5,NA,2025-05-21,2025-05-26,TRUE,TRUE,TRUE,NA,NA,NA,NA,NA,NA,8,NA
2025-0348,1-7,1,7,Wall,10,5,5,NA,2025-05-21,2025-05-26,FALSE,FALSE,FALSE,O,H,NA,NA,0,NA,13,NA
2025-0349,267-7,267,7,Tree Bed,10,6,5,NA,2025-05-21,2025-05-26,FALSE,FALSE,FALSE,OL,H,NA,NA,NA,NA,21,NA
2025-0350,104-18,104,18,Pavement,10,7,5,2025-06-15,2025-05-21,2025-05-26,FALSE,FALSE,FALSE,L,WS,2,30,1,NA,14,NA
2025-0351,114-2,114,2,Pavement,11,1,1,NA,2025-05-21,2025-05-26,FALSE,FALSE,FALSE,O,H,NA,NA,0,NA,4,NA
2025-0352,449-4,449,4,Grass,11,2,1,NA,2025-05-21,2025-05-26,TRUE,TRUE,TRUE,NA,NA,NA,NA,NA,NA,21,NA
2025-0353,405-7,405,7,Pavement,11,3,1,NA,2025-05-21,2025-05-26,TRUE,TRUE,TRUE,NA,NA,NA,NA,NA,NA,21,NA
2025-0354,407-17,407,17,Pavement,11,4,1,2025-06-16,2025-05-21,2025-05-26,FALSE,FALSE,FALSE,L,S,1,20,1,1,19,NA
2025-0355,453-2,453,2,Pavement,11,5,1,NA,2025-05-21,2025-05-26,FALSE,FALSE,FALSE,O,H,NA,NA,0,NA,20,NA
2025-0356,35-17,35,17,Grass,11,6,1,NA,2025-05-21,2025-05-26,FALSE,FALSE,FALSE,O,H,NA,NA,0,NA,20,NA
2025-0357,444-2,444,2,Pavement,11,7,1,NA,2025-05-21,2025-05-26,FALSE,FALSE,FALSE,O,H,NA,NA,0,NA,4,NA
2025-0358,438-4,438,4,Wall,11,1,2,NA,2025-05-21,2025-05-26,FALSE,FALSE,FALSE,O,H,NA,NA,0,NA,14,NA
2025-0359,463-3,463,3,Grass,11,2,2,2025-06-19,2025-05-21,2025-05-26,FALSE,FALSE,FALSE,O+L,H,1,22,NA,NA,9,NA
2025-0360,173-8,173,8,Tree Bed,11,3,2,NA,2025-05-21,2025-05-26,FALSE,FALSE,FALSE,O,WS,NA,NA,0,NA,20,NA
2025-0361,34-5,34,5,Grass,11,4,2,NA,2025-05-21,2025-05-26,TRUE,TRUE,TRUE,NA,NA,NA,NA,NA,NA,15,NA
2025-0362,475-5,475,5,Wall,11,5,2,NA,2025-05-21,2025-05-26,FALSE,FALSE,FALSE,O,WS,NA,NA,0,NA,4,NA
2025-0363,481-13,481,13,Wall,11,6,2,NA,2025-05-21,2025-05-26,FALSE,FALSE,FALSE,O,H,NA,NA,0,NA,16,NA
2025-0364,177-19,177,19,Tree Bed,11,7,2,2025-06-14,2025-05-21,2025-05-26,FALSE,FALSE,FALSE,O+L,H,1,24,NA,NA,20,NA
2025-0365,8-18,8,18,Wall,11,1,3,2025-06-28,2025-05-21,2025-05-26,FALSE,FALSE,FALSE,O,H,1,6,0,NA,20,Is flowering
2025-0366,466-9,466,9,Pavement,11,2,3,2025-06-22,2025-05-21,2025-05-26,FALSE,FALSE,FALSE,O+L,H,1,13,NA,NA,20,NA
2025-0367,484-18,484,18,Wall,11,3,3,NA,2025-05-21,2025-05-26,FALSE,FALSE,FALSE,O,WS,NA,NA,0,NA,22,NA
2025-0368,169-3,169,3,Tree Bed,11,4,3,2025-06-21,2025-05-21,2025-05-26,FALSE,FALSE,FALSE,O+L,H,1,17,NA,NA,20,NA
2025-0369,494-4,494,4,Wall,11,5,3,NA,2025-05-21,2025-05-26,FALSE,FALSE,FALSE,OL,WS,NA,NA,NA,NA,12,NA
2025-0370,384-14,384,14,Grass,11,6,3,2025-06-21,2025-05-21,2025-05-26,FALSE,FALSE,FALSE,O+L,H,1,19,NA,NA,16,NA
2025-0371,345-6,345,6,Pavement,11,7,3,NA,2025-05-21,2025-05-26,TRUE,TRUE,TRUE,NA,NA,NA,NA,NA,NA,14,NA
2025-0372,169-12,169,12,Tree Bed,11,1,4,2025-06-21,2025-05-21,2025-05-26,FALSE,FALSE,FALSE,O+L,H,1,18,NA,NA,20,NA
2025-0373,453-4,453,4,Pavement,11,2,4,NA,2025-05-21,2025-05-26,TRUE,TRUE,TRUE,NA,NA,NA,NA,NA,NA,20,NA
2025-0374,447-1,447,1,Grass,11,3,4,2025-07-07,2025-05-21,2025-05-26,FALSE,FALSE,FALSE,OL,WS,NA,NA,NA,NA,10,NA
2025-0375,347-12,347,12,Pavement,11,4,4,2025-06-20,2025-05-21,2025-05-26,FALSE,FALSE,FALSE,O+L,H,1,24,NA,NA,19,NA
2025-0376,439-1,439,1,Wall,11,5,4,NA,2025-05-21,2025-05-26,FALSE,FALSE,FALSE,O,H,NA,NA,0,NA,15,NA
2025-0377,7-9,7,9,Wall,11,6,4,2025-06-18,2025-05-21,2025-05-26,FALSE,FALSE,FALSE,O+L,H,1,25,NA,NA,18,NA
2025-0378,183-15,183,15,Tree Bed,11,7,4,NA,2025-05-21,2025-05-26,FALSE,FALSE,FALSE,O,H,NA,NA,0,NA,20,NA
2025-0379,241-5,241,5,Tree Bed,11,1,5,2025-06-14,2025-05-21,2025-05-26,FALSE,FALSE,FALSE,O,WS,1,21,0,NA,7,NA
2025-0380,459-9,459,9,Grass,11,2,5,NA,2025-05-21,2025-05-26,FALSE,FALSE,FALSE,O,WS,NA,NA,0,NA,13,NA
2025-0381,47-17,47,17,Grass,11,3,5,2025-06-20,2025-05-21,2025-05-26,FALSE,FALSE,FALSE,O+L,H,1,24,NA,NA,20,NA
2025-0382,267-16,267,16,Tree Bed,11,4,5,NA,2025-05-21,2025-05-26,TRUE,TRUE,TRUE,NA,NA,NA,NA,NA,NA,21,NA
2025-0383,472-16,472,16,Wall,11,5,5,2025-07-06,2025-05-21,2025-05-26,FALSE,FALSE,FALSE,O,H,NA,NA,0,NA,18,NA
2025-0384,105-9,105,9,Pavement,11,6,5,NA,2025-05-21,2025-05-26,TRUE,TRUE,TRUE,NA,NA,NA,NA,NA,NA,12,NA
2025-0385,409-4,409,4,Pavement,11,7,5,NA,2025-05-21,2025-05-26,FALSE,FALSE,FALSE,O,H,NA,NA,0,NA,7,NA
2025-0386,405-10,405,10,Pavement,12,1,1,NA,2025-05-21,2025-05-26,FALSE,FALSE,FALSE,O,H,NA,NA,0,NA,21,NA
2025-0387,451-2,451,2,Pavement,12,2,1,NA,2025-05-21,2025-05-26,TRUE,TRUE,TRUE,NA,NA,NA,NA,NA,NA,15,NA
2025-0388,348-14,348,14,Pavement,12,3,1,NA,2025-05-21,2025-05-26,FALSE,FALSE,FALSE,O,H,NA,NA,0,NA,19,NA
2025-0389,347-6,347,6,Pavement,12,4,1,NA,2025-05-21,2025-05-26,TRUE,TRUE,TRUE,NA,NA,NA,NA,NA,NA,19,NA
2025-0390,282-20,282,20,Pavement,12,5,1,NA,2025-05-21,2025-05-26,TRUE,TRUE,TRUE,NA,NA,NA,NA,NA,NA,20,NA
2025-0391,180-1,180,1,Tree Bed,12,6,1,NA,2025-05-21,2025-05-26,FALSE,FALSE,FALSE,O,H,NA,NA,0,NA,10,NA
2025-0392,177-18,177,18,Tree Bed,12,7,1,NA,2025-05-21,2025-05-26,FALSE,FALSE,FALSE,O,H,NA,NA,0,NA,20,NA
2025-0393,344-13,344,13,Pavement,12,1,2,2025-06-28,2025-05-21,2025-05-26,FALSE,FALSE,FALSE,O,H,1,9,0,NA,19,NA
2025-0394,428-2,428,2,Wall,12,2,2,NA,2025-05-21,2025-05-26,FALSE,FALSE,FALSE,O,H,NA,NA,0,NA,20,NA
2025-0395,482-12,482,12,Wall,12,3,2,2025-06-20,2025-05-21,2025-05-26,FALSE,FALSE,FALSE,O+L,H,1,24,NA,NA,17,NA
2025-0396,168-4,168,4,Tree Bed,12,4,2,NA,2025-05-21,2025-05-26,FALSE,FALSE,FALSE,O,H,NA,NA,0,NA,20,NA
2025-0397,478-8,478,8,Wall,12,5,2,NA,2025-05-21,2025-05-26,FALSE,FALSE,FALSE,OL,H,NA,NA,NA,NA,19,NA
2025-0398,480-12,480,12,Wall,12,6,2,NA,2025-05-21,2025-05-26,FALSE,FALSE,FALSE,O,H,NA,NA,0,NA,14,NA
2025-0399,406-12,406,12,Pavement,12,7,2,NA,2025-05-21,2025-05-26,TRUE,TRUE,TRUE,NA,NA,NA,NA,NA,NA,14,NA
2025-0400,1-8,1,8,Wall,12,1,3,NA,2025-05-21,2025-05-26,TRUE,TRUE,TRUE,NA,NA,NA,NA,NA,NA,13,NA
2025-0401,122-17,122,17,Pavement,12,2,3,NA,2025-05-21,2025-05-26,FALSE,FALSE,FALSE,O,H,NA,NA,0,NA,20,NA
2025-0402,102-2,102,2,Pavement,12,3,3,NA,2025-05-21,2025-05-26,FALSE,FALSE,FALSE,O,H,NA,NA,0,NA,12,NA
2025-0403,479-7,479,7,Wall,12,4,3,NA,2025-05-21,2025-05-26,FALSE,FALSE,FALSE,O,H,NA,NA,0,NA,18,NA
2025-0404,29-1,29,1,Wall,12,5,3,NA,2025-05-21,2025-05-26,FALSE,FALSE,FALSE,OL,WS,NA,NA,NA,NA,8,NA
2025-0405,481-4,481,4,Wall,12,6,3,NA,2025-05-21,2025-05-26,FALSE,FALSE,FALSE,O,H,NA,NA,0,NA,16,NA
2025-0406,122-13,122,13,Pavement,12,7,3,2025-06-21,2025-05-21,2025-05-26,FALSE,FALSE,FALSE,O,H,1,16,0,NA,20,NA
2025-0407,282-9,282,9,Pavement,12,1,4,NA,2025-05-21,2025-05-26,TRUE,TRUE,TRUE,NA,NA,NA,NA,NA,NA,20,NA
2025-0408,479-10,479,10,Wall,12,2,4,NA,2025-05-21,2025-05-26,FALSE,FALSE,FALSE,O,H,NA,NA,0,NA,18,NA
2025-0409,453-7,453,7,Pavement,12,3,4,NA,2025-05-21,2025-05-26,FALSE,FALSE,FALSE,OL,H,NA,NA,NA,NA,20,NA
2025-0410,342-8,342,8,Pavement,12,4,4,NA,2025-05-21,2025-05-26,TRUE,TRUE,TRUE,NA,NA,NA,NA,NA,NA,18,NA
2025-0411,345-15,345,15,Pavement,12,5,4,NA,2025-05-21,2025-05-26,FALSE,FALSE,FALSE,O,H,NA,NA,0,NA,14,NA
2025-0412,27-6,27,6,Wall,12,6,4,NA,2025-05-21,2025-05-26,FALSE,FALSE,FALSE,O,H,NA,NA,0,NA,20,NA
2025-0413,41-1,41,1,Grass,12,7,4,NA,2025-05-21,2025-05-26,FALSE,FALSE,FALSE,O,H,NA,NA,0,NA,15,NA
2025-0414,487-1,487,1,Wall,12,1,5,NA,2025-05-21,2025-05-26,FALSE,FALSE,FALSE,O,H,NA,NA,0,NA,19,NA
2025-0415,482-4,482,4,Wall,12,2,5,2025-06-21,2025-05-21,2025-05-26,FALSE,FALSE,FALSE,O,WS,NA,NA,0,NA,17,NA
2025-0416,161-4,161,4,Tree Bed,12,3,5,NA,2025-05-21,2025-05-26,FALSE,FALSE,FALSE,O,H,NA,NA,0,NA,4,NA
2025-0417,480-7,480,7,Wall,12,4,5,2025-06-21,2025-05-21,2025-05-26,FALSE,FALSE,FALSE,O+L,H,1,19,NA,NA,14,NA
2025-0418,45-20,45,20,Grass,12,5,5,2025-06-23,2025-05-21,2025-05-26,FALSE,FALSE,FALSE,O,H,1,9,0,NA,19,NA
2025-0419,344-3,344,3,Pavement,12,6,5,NA,2025-05-21,2025-05-26,FALSE,FALSE,FALSE,O,H,NA,NA,0,NA,19,NA
2025-0420,463-8,463,8,Grass,12,7,5,NA,2025-05-21,2025-05-26,FALSE,FALSE,FALSE,O,H,NA,NA,0,NA,9,NA
2025-0421,448-12,448,12,Grass,13,1,1,NA,2025-05-19,2025-05-26,FALSE,FALSE,FALSE,O,WS,NA,NA,0,NA,18,NA
2025-0422,159-13,159,13,Tree Bed,13,2,1,NA,2025-05-19,2025-05-26,TRUE,TRUE,TRUE,NA,NA,NA,NA,NA,NA,16,NA
2025-0423,342-9,342,9,Pavement,13,3,1,NA,2025-05-19,2025-05-26,FALSE,FALSE,FALSE,O,WS,NA,NA,0,NA,18,NA
2025-0424,483-20,483,20,Wall,13,4,1,NA,2025-05-19,2025-05-26,FALSE,FALSE,FALSE,O,H,NA,NA,0,NA,20,NA
2025-0425,47-13,47,13,Grass,13,5,1,2025-06-19,2025-05-19,2025-05-26,FALSE,FALSE,FALSE,OL,WS,NA,NA,NA,NA,20,NA
2025-0426,102-5,102,5,Pavement,13,6,1,NA,2025-05-19,2025-05-26,FALSE,FALSE,FALSE,O,H,NA,NA,0,NA,12,NA
2025-0427,466-4,466,4,Pavement,13,7,1,NA,2025-05-19,2025-05-26,FALSE,FALSE,FALSE,OL,WS,NA,NA,NA,NA,20,NA
2025-0428,8-17,8,17,Wall,13,1,2,2025-07-04,2025-05-19,2025-05-26,FALSE,FALSE,FALSE,OL,H,NA,NA,NA,NA,20,NA
2025-0429,359-5,359,5,Grass,13,2,2,NA,2025-05-19,2025-05-26,FALSE,FALSE,FALSE,O,H,NA,NA,0,NA,10,NA
2025-0430,489-19,489,19,Wall,13,3,2,2025-06-22,2025-05-19,2025-05-26,FALSE,FALSE,FALSE,O,H,NA,NA,0,NA,22,NA
2025-0431,169-4,169,4,Tree Bed,13,4,2,2025-06-28,2025-05-19,2025-05-26,FALSE,FALSE,FALSE,OL,H,NA,NA,NA,NA,20,NA
2025-0432,406-1,406,1,Pavement,13,5,2,NA,2025-05-19,2025-05-26,FALSE,FALSE,FALSE,L,H,NA,NA,1,NA,14,NA
2025-0433,206-4,206,4,Wall,13,6,2,2025-06-30,2025-05-19,2025-05-26,FALSE,FALSE,FALSE,OL,WS,NA,NA,NA,NA,4,NA
2025-0434,41-13,41,13,Grass,13,7,2,NA,2025-05-19,2025-05-26,FALSE,FALSE,FALSE,O,H,NA,NA,0,NA,15,NA
2025-0435,1-2,1,2,Wall,13,1,3,NA,2025-05-19,2025-05-26,FALSE,FALSE,FALSE,O,H,NA,NA,0,NA,13,NA
2025-0436,438-8,438,8,Wall,13,2,3,2025-06-21,2025-05-19,2025-05-26,FALSE,FALSE,FALSE,L,WS,1,26,1,NA,14,NA
2025-0437,169-7,169,7,Tree Bed,13,3,3,2025-06-27,2025-05-19,2025-05-26,FALSE,FALSE,FALSE,O,H,1,17,0,NA,20,NA
2025-0438,469-4,469,4,Pavement,13,4,3,NA,2025-05-19,2025-05-26,FALSE,FALSE,FALSE,O,H,NA,NA,0,NA,4,NA
2025-0439,484-20,484,20,Wall,13,5,3,NA,2025-05-19,2025-05-26,FALSE,FALSE,FALSE,O,H,NA,NA,0,NA,22,NA
2025-0440,459-2,459,2,Grass,13,6,3,NA,2025-05-19,2025-05-26,FALSE,FALSE,FALSE,O,H,NA,NA,0,NA,13,NA
2025-0441,454-5,454,5,Pavement,13,7,3,NA,2025-05-19,2025-05-26,FALSE,FALSE,FALSE,O,H,NA,NA,0,NA,8,NA
2025-0443,407-8,407,8,Pavement,13,2,4,2025-06-22,2025-05-19,2025-05-26,FALSE,FALSE,FALSE,L,H,1,30,1,NA,19,NA
2025-0444,384-5,384,5,Grass,13,3,4,2025-06-23,2025-05-19,2025-05-26,FALSE,FALSE,FALSE,OL,H,1,27,NA,NA,16,NA
2025-0445,122-9,122,9,Pavement,13,4,4,NA,2025-05-19,2025-05-26,FALSE,FALSE,FALSE,O,H,NA,NA,0,NA,20,NA
2025-0446,478-2,478,2,Wall,13,5,4,2025-06-21,2025-05-19,2025-05-26,FALSE,FALSE,FALSE,O,H,1,27,0,NA,19,NA
2025-0447,345-17,345,17,Pavement,13,6,4,2025-06-27,2025-05-19,2025-05-26,FALSE,FALSE,FALSE,O,H,1,13,0,NA,14,NA
2025-0448,408-3,408,3,Pavement,13,7,4,NA,2025-05-19,2025-05-26,FALSE,FALSE,FALSE,O,H,NA,NA,0,NA,6,NA
2025-0449,184-11,184,11,Tree Bed,13,1,5,NA,2025-05-19,2025-05-26,FALSE,FALSE,FALSE,O,H,NA,NA,0,NA,19,NA
2025-0450,474-6,474,6,Wall,13,2,5,NA,2025-05-19,2025-05-26,FALSE,FALSE,FALSE,O,H,NA,NA,0,NA,21,NA
2025-0451,438-15,438,15,Wall,13,3,5,NA,2025-05-19,2025-05-26,FALSE,FALSE,FALSE,O,H,NA,NA,0,NA,14,NA
2025-0452,357-20,357,20,Wall,13,4,5,2025-07-06,2025-05-19,2025-05-26,FALSE,FALSE,FALSE,O,H,NA,NA,0,NA,20,NA
2025-0453,258-21,258,21,Wall,13,5,5,NA,2025-05-19,2025-05-26,FALSE,FALSE,FALSE,O,H,NA,NA,0,NA,23,NA
2025-0454,213-1,213,1,Pavement,13,6,5,NA,2025-05-19,2025-05-26,FALSE,FALSE,FALSE,O,WS,NA,NA,0,NA,4,NA
2025-0455,169-18,169,18,Tree Bed,13,7,5,NA,2025-05-19,2025-05-26,FALSE,FALSE,FALSE,O,H,NA,NA,0,NA,20,NA
2025-0456,120-2,120,2,Pavement,14,1,1,2025-06-17,2025-05-19,2025-05-26,FALSE,FALSE,FALSE,O,H,1,33,0,NA,5,NA
2025-0457,104-19,104,19,Pavement,14,2,1,NA,2025-05-19,2025-05-26,FALSE,FALSE,FALSE,O,WS,NA,NA,0,NA,14,NA
2025-0458,487-2,487,2,Wall,14,3,1,2025-06-19,2025-05-19,2025-05-26,FALSE,FALSE,FALSE,L,WS,NA,NA,1,NA,19,NA
2025-0459,384-17,384,17,Grass,14,4,1,2025-06-19,2025-05-19,2025-05-26,FALSE,FALSE,FALSE,OL,WS,NA,NA,NA,NA,16,NA
2025-0460,453-10,453,10,Pavement,14,5,1,NA,2025-05-19,2025-05-26,FALSE,FALSE,FALSE,O,H,NA,NA,0,NA,20,NA
2025-0461,484-16,484,16,Wall,14,6,1,NA,2025-05-19,2025-05-26,FALSE,FALSE,FALSE,O,H,NA,NA,0,NA,22,NA
2025-0462,105-8,105,8,Pavement,14,7,1,2025-07-02,2025-05-19,2025-05-26,FALSE,FALSE,FALSE,L,S,NA,NA,1,1,12,NA
2025-0463,232-9,232,9,Tree Bed,14,1,2,NA,2025-05-19,2025-05-26,FALSE,FALSE,FALSE,O,H,NA,NA,0,NA,19,NA
2025-0464,24-16,24,16,Wall,14,2,2,NA,2025-05-19,2025-05-26,FALSE,FALSE,FALSE,O,WS,NA,NA,0,NA,20,NA
2025-0465,488-1,488,1,Wall,14,3,2,NA,2025-05-19,2025-05-26,FALSE,FALSE,FALSE,NA,NA,NA,NA,NA,NA,25,"Only 2 pairs of leaf after cotyledon, red colored"
2025-0466,183-17,183,17,Tree Bed,14,4,2,NA,2025-05-19,2025-05-26,FALSE,FALSE,FALSE,O,H,NA,NA,0,NA,20,NA
2025-0467,120-3,120,3,Pavement,14,5,2,2025-06-17,2025-05-19,2025-05-26,FALSE,FALSE,FALSE,O,H,1,30,0,NA,5,NA
2025-0468,463-6,463,6,Grass,14,6,2,2025-06-25,2025-05-19,2025-05-26,FALSE,FALSE,FALSE,O+L,H,1,19,NA,NA,9,NA
2025-0469,481-12,481,12,Wall,14,7,2,NA,2025-05-19,2025-05-26,FALSE,FALSE,FALSE,O,H,NA,NA,0,NA,16,NA
2025-0470,114-4,114,4,Pavement,14,1,3,NA,2025-05-19,2025-05-26,TRUE,TRUE,TRUE,NA,NA,NA,NA,NA,NA,4,NA
2025-0471,29-2,29,2,Wall,14,2,3,NA,2025-05-19,2025-05-26,FALSE,FALSE,FALSE,O,H,NA,NA,0,NA,8,NA
2025-0472,458-4,458,4,Pavement,14,3,3,2025-07-03,2025-05-19,2025-05-26,FALSE,FALSE,FALSE,OL,WS,NA,NA,NA,NA,19,NA
2025-0473,183-16,183,16,Tree Bed,14,4,3,NA,2025-05-19,2025-05-26,FALSE,FALSE,FALSE,O,H,NA,NA,0,NA,20,NA
2025-0474,180-4,180,4,Tree Bed,14,5,3,2025-06-23,2025-05-19,2025-05-26,FALSE,FALSE,FALSE,O,H,NA,NA,0,NA,10,NA
2025-0475,469-2,469,2,Pavement,14,6,3,2025-07-01,2025-05-19,2025-05-26,FALSE,FALSE,FALSE,L,S,1,7,1,1,4,Flowered
2025-0476,347-3,347,3,Pavement,14,7,3,NA,2025-05-19,2025-05-26,FALSE,FALSE,FALSE,OL,H,NA,NA,NA,NA,19,NA
2025-0477,486-11,486,11,Wall,14,1,4,2025-06-20,2025-05-19,2025-05-26,FALSE,FALSE,FALSE,OL,WS,NA,NA,NA,NA,17,NA
2025-0478,384-10,384,10,Grass,14,2,4,NA,2025-05-19,2025-05-26,FALSE,FALSE,FALSE,O,H,NA,NA,0,NA,16,NA
2025-0479,47-19,47,19,Grass,14,3,4,2025-06-18,2025-05-19,2025-05-26,FALSE,FALSE,FALSE,O,WS,NA,NA,0,NA,20,NA
2025-0480,480-6,480,6,Wall,14,4,4,NA,2025-05-19,2025-05-26,FALSE,FALSE,FALSE,O,H,NA,NA,0,NA,14,NA
2025-0481,45-10,45,10,Grass,14,5,4,NA,2025-05-19,2025-05-26,FALSE,FALSE,FALSE,OL,H,NA,NA,NA,NA,19,NA
2025-0482,94-3,94,3,Pavement,14,6,4,NA,2025-05-19,2025-05-26,FALSE,FALSE,FALSE,O,H,NA,NA,0,NA,4,NA
2025-0483,405-18,405,18,Pavement,14,7,4,NA,2025-05-19,2025-05-26,TRUE,TRUE,TRUE,NA,NA,NA,NA,NA,NA,21,NA
2025-0484,494-12,494,12,Wall,14,1,5,NA,2025-05-19,2025-05-26,FALSE,FALSE,FALSE,O,H,NA,NA,0,NA,12,NA
2025-0485,486-12,486,12,Wall,14,2,5,NA,2025-05-19,2025-05-26,FALSE,FALSE,FALSE,O,H,NA,NA,0,NA,17,NA
2025-0486,169-6,169,6,Tree Bed,14,3,5,2025-07-06,2025-05-19,2025-05-26,FALSE,FALSE,FALSE,O,H,NA,NA,0,NA,20,NA
2025-0487,486-6,486,6,Wall,14,4,5,NA,2025-05-19,2025-05-26,FALSE,FALSE,FALSE,O,H,NA,NA,0,NA,17,NA
2025-0488,480-4,480,4,Wall,14,5,5,NA,2025-05-19,2025-05-26,FALSE,FALSE,FALSE,O,H,NA,NA,0,NA,14,NA
2025-0489,480-13,480,13,Wall,14,6,5,NA,2025-05-19,2025-05-26,FALSE,FALSE,FALSE,O,H,NA,NA,0,NA,14,NA
2025-0490,454-8,454,8,Pavement,14,7,5,NA,2025-05-20,2025-05-26,FALSE,FALSE,FALSE,O,H,NA,NA,0,NA,8,NA
2025-0491,308-9,308,9,Tree Bed,15,1,1,2025-07-02,2025-05-20,2025-05-26,FALSE,FALSE,FALSE,O+L,H,1,4,NA,NA,15,NA
2025-0492,263-1,263,1,Tree Bed,15,2,1,NA,2025-05-20,2025-05-26,FALSE,FALSE,FALSE,O,H,NA,NA,0,NA,20,NA
2025-0493,458-1,458,1,Pavement,15,3,1,2025-07-04,2025-05-20,2025-05-26,FALSE,FALSE,FALSE,O,H,NA,NA,0,NA,19,NA
2025-0494,489-14,489,14,Wall,15,4,1,2025-06-19,2025-05-20,2025-05-26,FALSE,FALSE,FALSE,O,WS,1,29,0,NA,22,NA
2025-0495,483-12,483,12,Wall,15,5,1,2025-06-21,2025-05-20,2025-05-26,FALSE,FALSE,FALSE,OL,WS,1,25,NA,NA,20,NA
2025-0496,487-12,487,12,Wall,15,6,1,NA,2025-05-20,2025-05-26,FALSE,FALSE,FALSE,O,WS,NA,NA,0,NA,19,NA
2025-0497,347-2,347,2,Pavement,15,7,1,NA,2025-05-20,2025-05-26,FALSE,FALSE,FALSE,O,H,NA,NA,0,NA,19,NA
2025-0498,407-9,407,9,Pavement,15,1,2,2025-06-21,2025-05-20,2025-05-26,FALSE,FALSE,FALSE,L,WS,1,31,1,NA,19,NA
2025-0499,308-2,308,2,Tree Bed,15,2,2,NA,2025-05-20,2025-05-26,FALSE,FALSE,FALSE,O,H,NA,NA,0,NA,15,NA
2025-0500,472-7,472,7,Wall,15,3,2,NA,2025-05-20,2025-05-26,FALSE,FALSE,FALSE,O,H,NA,NA,0,NA,18,NA
2025-0501,122-18,122,18,Pavement,15,4,2,NA,2025-05-20,2025-05-26,FALSE,FALSE,FALSE,O,H,NA,NA,0,NA,20,NA
2025-0502,462-1,462,1,Grass,15,5,2,NA,2025-05-20,2025-05-26,FALSE,FALSE,FALSE,O,H,NA,NA,0,NA,5,NA
2025-0503,19-3,19,3,Wall,15,6,2,NA,2025-05-20,2025-05-26,FALSE,FALSE,FALSE,O,H,NA,NA,0,NA,6,NA
2025-0504,264-13,264,13,Tree Bed,15,7,2,NA,2025-05-20,2025-05-26,FALSE,FALSE,FALSE,O,H,NA,NA,0,NA,13,NA
2025-0505,34-2,34,2,Grass,15,1,3,NA,2025-05-20,2025-05-26,FALSE,FALSE,FALSE,O,H,NA,NA,0,NA,15,NA
2025-0506,264-8,264,8,Tree Bed,15,2,3,NA,2025-05-20,2025-05-26,FALSE,FALSE,FALSE,OL,H,NA,NA,NA,NA,13,NA
2025-0507,282-4,282,4,Pavement,15,3,3,NA,2025-05-20,2025-05-26,FALSE,FALSE,FALSE,OL,WS,NA,NA,NA,NA,20,NA
2025-0508,102-12,102,12,Pavement,15,4,3,NA,2025-05-20,2025-05-26,FALSE,FALSE,FALSE,O,WS,NA,NA,0,NA,12,NA
2025-0509,206-2,206,2,Wall,15,5,3,2025-06-28,2025-05-20,2025-05-26,FALSE,FALSE,FALSE,OL,WS,NA,NA,NA,NA,4,NA
2025-0510,428-11,428,11,Wall,15,6,3,NA,2025-05-20,2025-05-26,FALSE,FALSE,FALSE,O,H,NA,NA,0,NA,20,NA
2025-0511,466-8,466,8,Pavement,15,7,3,NA,2025-05-20,2025-05-26,FALSE,FALSE,FALSE,O,H,NA,NA,0,NA,20,NA
2025-0512,438-11,438,11,Wall,15,1,4,2025-06-21,2025-05-20,2025-05-26,FALSE,FALSE,FALSE,L,WS,1,30,1,NA,14,NA
2025-0513,24-1,24,1,Wall,15,2,4,NA,2025-05-20,2025-05-26,FALSE,FALSE,FALSE,O,H,NA,NA,0,NA,20,NA
2025-0514,34-11,34,11,Grass,15,3,4,2025-06-21,2025-05-20,2025-05-26,FALSE,FALSE,FALSE,OL,WS,1,23,NA,NA,15,NA
2025-0515,49-1,49,1,Grass,15,4,4,2025-06-16,2025-05-20,2025-05-26,FALSE,FALSE,FALSE,OL,WS,2,25,NA,NA,20,NA
2025-0516,182-2,182,2,Tree Bed,15,5,4,NA,2025-05-20,2025-05-26,FALSE,FALSE,FALSE,O,H,NA,NA,0,NA,4,NA
2025-0517,114-3,114,3,Pavement,15,6,4,NA,2025-05-20,2025-05-26,FALSE,FALSE,FALSE,O,H,NA,NA,0,NA,4,NA
2025-0518,474-8,474,8,Wall,15,7,4,2025-06-19,2025-05-20,2025-05-26,FALSE,FALSE,FALSE,O,H,1,30,0,NA,21,NA
2025-0519,310-7,310,7,Tree Bed,15,1,5,NA,2025-05-20,2025-05-26,TRUE,TRUE,TRUE,NA,NA,NA,NA,NA,NA,33,NA
2025-0520,159-17,159,17,Tree Bed,15,2,5,NA,2025-05-20,2025-05-26,FALSE,FALSE,FALSE,O,H,NA,NA,0,NA,16,NA
2025-0521,448-8,448,8,Grass,15,3,5,NA,2025-05-20,2025-05-26,TRUE,TRUE,TRUE,NA,NA,NA,NA,NA,NA,18,NA
2025-0522,213-5,213,5,Pavement,15,4,5,NA,2025-05-20,2025-05-26,FALSE,FALSE,FALSE,O,H,NA,NA,0,NA,4,NA
2025-0523,482-11,482,11,Wall,15,5,5,NA,2025-05-20,2025-05-26,FALSE,FALSE,FALSE,OL,H,NA,NA,NA,NA,17,NA
2025-0524,8-6,8,6,Wall,15,6,5,2025-06-25,2025-05-20,2025-05-26,FALSE,FALSE,FALSE,O,H,1,17,0,NA,20,NA
2025-0525,255-5,255,5,Grass,15,7,5,NA,2025-05-20,2025-05-26,FALSE,FALSE,FALSE,OL,H,NA,NA,NA,NA,6,NA
2025-0526,357-4,357,4,Wall,16,1,1,2025-07-03,2025-05-20,2025-05-26,FALSE,FALSE,FALSE,OL,H,1,3,NA,NA,20,NA
2025-0527,35-16,35,16,Grass,16,2,1,NA,2025-05-20,2025-05-26,FALSE,FALSE,FALSE,O,H,NA,NA,0,NA,20,NA
2025-0528,232-17,232,17,Tree Bed,16,3,1,NA,2025-05-20,2025-05-26,FALSE,FALSE,FALSE,O,H,NA,NA,0,NA,19,NA
2025-0529,177-4,177,4,Tree Bed,16,4,1,NA,2025-05-20,2025-05-26,FALSE,FALSE,FALSE,O,WS,NA,NA,0,NA,20,NA
2025-0530,444-1,444,1,Pavement,16,5,1,NA,2025-05-20,2025-05-26,FALSE,FALSE,FALSE,O,WS,NA,NA,0,NA,4,NA
2025-0531,433-11,433,11,Wall,16,6,1,NA,2025-05-20,2025-05-26,FALSE,FALSE,FALSE,O,H,NA,NA,0,NA,18,NA
2025-0532,241-2,241,2,Tree Bed,16,7,1,2025-06-15,2025-05-20,2025-05-26,FALSE,FALSE,FALSE,O,WS,2,34,0,NA,7,NA
2025-0533,308-7,308,7,Tree Bed,16,1,2,NA,2025-05-20,2025-05-26,TRUE,TRUE,TRUE,NA,NA,NA,NA,NA,NA,15,NA
2025-0534,450-3,450,3,Grass,16,2,2,NA,2025-05-20,2025-05-26,FALSE,FALSE,FALSE,O,H,NA,NA,0,NA,4,NA
2025-0535,472-19,472,19,Wall,16,3,2,NA,2025-05-20,2025-05-26,FALSE,FALSE,FALSE,O,H,NA,NA,0,NA,18,NA
2025-0536,267-12,267,12,Tree Bed,16,4,2,NA,2025-05-20,2025-05-26,TRUE,TRUE,TRUE,NA,NA,NA,NA,NA,NA,21,NA
2025-0537,453-16,453,16,Pavement,16,5,2,NA,2025-05-20,2025-05-26,FALSE,FALSE,FALSE,O,H,NA,NA,0,NA,20,NA
2025-0538,1-12,1,12,Wall,16,6,2,NA,2025-05-20,2025-05-26,FALSE,FALSE,FALSE,O,H,NA,NA,0,NA,13,NA
2025-0539,471-1,471,1,Pavement,16,7,2,NA,2025-05-20,2025-05-26,FALSE,FALSE,FALSE,O,H,NA,NA,0,NA,5,NA
2025-0540,183-19,183,19,Tree Bed,16,1,3,NA,2025-05-20,2025-05-26,TRUE,TRUE,TRUE,NA,NA,NA,NA,NA,NA,20,NA
2025-0541,439-9,439,9,Wall,16,2,3,NA,2025-05-20,2025-05-26,FALSE,FALSE,FALSE,O,WS,NA,NA,0,NA,15,Red leaves
2025-0542,438-1,438,1,Wall,16,3,3,NA,2025-05-20,2025-05-26,FALSE,FALSE,FALSE,O,H,NA,NA,0,NA,14,NA
2025-0543,233-14,233,14,Tree Bed,16,4,3,2025-07-07,2025-05-20,2025-05-26,FALSE,FALSE,FALSE,O,H,NA,NA,0,NA,21,NA
2025-0544,486-1,486,1,Wall,16,5,3,NA,2025-05-20,2025-05-26,FALSE,FALSE,FALSE,O,H,NA,NA,0,NA,17,NA
2025-0545,45-14,45,14,Grass,16,6,3,NA,2025-05-20,2025-05-26,FALSE,FALSE,FALSE,O,H,NA,NA,0,NA,19,NA
2025-0546,479-2,479,2,Wall,16,7,3,2025-06-19,2025-05-20,2025-05-26,FALSE,FALSE,FALSE,O+L,WS,1,32,NA,NA,18,NA
2025-0547,8-9,8,9,Wall,16,1,4,NA,2025-05-20,2025-05-26,FALSE,FALSE,FALSE,O,H,NA,NA,0,NA,20,NA
2025-0548,359-8,359,8,Grass,16,2,4,NA,2025-05-20,2025-05-26,FALSE,FALSE,FALSE,O,H,NA,NA,0,NA,10,NA
2025-0549,466-2,466,2,Pavement,16,3,4,2025-06-20,2025-05-20,2025-05-26,FALSE,FALSE,FALSE,OL,WS,1,26,NA,NA,20,NA
2025-0550,35-5,35,5,Grass,16,4,4,2025-07-06,2025-05-20,2025-05-26,FALSE,FALSE,FALSE,O,H,NA,NA,0,NA,20,NA
2025-0551,113-8,113,8,Pavement,16,5,4,NA,2025-05-20,2025-05-26,TRUE,TRUE,TRUE,NA,NA,NA,NA,NA,NA,13,NA
2025-0552,345-12,345,12,Pavement,16,6,4,NA,2025-05-20,2025-05-26,FALSE,FALSE,FALSE,O,H,NA,NA,0,NA,14,NA
2025-0553,346-2,346,2,Pavement,16,7,4,2025-06-22,2025-05-20,2025-05-26,FALSE,FALSE,FALSE,O,H,1,23,0,NA,14,NA
2025-0554,102-9,102,9,Pavement,16,1,5,2025-06-23,2025-05-20,2025-05-26,FALSE,FALSE,FALSE,O+L,WS,1,23,NA,NA,12,NA
2025-0555,104-7,104,7,Pavement,16,2,5,NA,2025-05-20,2025-05-26,FALSE,FALSE,FALSE,O,H,NA,NA,0,NA,14,NA
2025-0556,481-14,481,14,Wall,16,3,5,NA,2025-05-20,2025-05-26,FALSE,FALSE,FALSE,O,H,NA,NA,0,NA,16,NA
2025-0557,458-5,458,5,Pavement,16,4,5,NA,2025-05-20,2025-05-26,FALSE,FALSE,FALSE,O,H,NA,NA,0,NA,19,NA
2025-0558,347-19,347,19,Pavement,16,5,5,2025-06-16,2025-05-20,2025-05-26,FALSE,FALSE,FALSE,O,WS,1,28,0,NA,19,NA
2025-0559,19-5,19,5,Wall,16,6,5,2025-06-19,2025-05-20,2025-05-26,FALSE,FALSE,FALSE,O+L,WS,1,24,NA,NA,6,NA
2025-0560,106-2,106,2,Pavement,16,7,5,NA,2025-05-20,2025-05-26,FALSE,FALSE,FALSE,O,H,NA,NA,0,NA,4,NA
2025-0561,308-11,308,11,Tree Bed,17,1,1,NA,2025-05-20,2025-05-26,TRUE,TRUE,TRUE,NA,NA,NA,NA,NA,NA,15,NA
2025-0562,168-10,168,10,Tree Bed,17,2,1,NA,2025-05-23,2025-05-28,TRUE,TRUE,TRUE,NA,NA,NA,NA,NA,NA,20,NA
2025-0563,159-4,159,4,Tree Bed,17,3,1,NA,2025-05-23,2025-05-28,FALSE,FALSE,FALSE,O,H,NA,NA,0,NA,16,NA
2025-0564,156-1,156,1,Pavement,17,4,1,2025-06-23,2025-05-23,2025-05-28,FALSE,FALSE,FALSE,O+L,WS,1,19,NA,NA,17,NA
2025-0565,7-1,7,1,Wall,17,5,1,NA,2025-05-23,2025-05-28,TRUE,TRUE,TRUE,NA,NA,NA,NA,NA,NA,18,NA
2025-0566,384-7,384,7,Grass,17,6,1,2025-06-27,2025-05-23,2025-05-28,FALSE,FALSE,FALSE,O,H,1,13,0,NA,16,NA
2025-0567,472-2,472,2,Wall,17,7,1,2025-06-21,2025-05-23,2025-05-28,FALSE,FALSE,FALSE,O+L,H,1,23,NA,NA,18,NA
2025-0568,407-19,407,19,Pavement,17,1,2,NA,2025-05-23,2025-05-28,FALSE,FALSE,FALSE,O,H,NA,NA,0,NA,19,NA
2025-0569,456-1,456,1,Pavement,17,2,2,NA,2025-05-23,2025-05-28,TRUE,TRUE,TRUE,NA,NA,NA,NA,NA,NA,6,NA
2025-0570,241-4,241,4,Tree Bed,17,3,2,NA,2025-05-23,2025-05-28,TRUE,TRUE,TRUE,NA,NA,NA,NA,NA,NA,7,NA
2025-0571,438-13,438,13,Wall,17,4,2,2025-07-07,2025-05-23,2025-05-28,FALSE,FALSE,FALSE,O,H,NA,NA,0,NA,14,NA
2025-0572,407-7,407,7,Pavement,17,5,2,2025-06-25,2025-05-23,2025-05-28,FALSE,FALSE,FALSE,OL,H,1,20,NA,NA,19,NA
2025-0573,267-17,267,17,Tree Bed,17,6,2,2025-06-24,2025-05-23,2025-05-28,FALSE,FALSE,FALSE,O+L,WS,1,16,NA,NA,21,NA
2025-0574,19-1,19,1,Wall,17,7,2,NA,2025-05-23,2025-05-28,TRUE,TRUE,TRUE,NA,NA,NA,NA,NA,NA,6,NA
2025-0575,265-7,265,7,Tree Bed,17,1,3,NA,2025-05-23,2025-05-28,TRUE,FALSE,FALSE,O,H,NA,NA,0,NA,22,NA
2025-0576,478-14,478,14,Wall,17,2,3,NA,2025-05-23,2025-05-28,FALSE,FALSE,FALSE,OL,H,NA,NA,NA,NA,19,NA
2025-0577,451-6,451,6,Pavement,17,3,3,NA,2025-05-23,2025-05-28,FALSE,FALSE,FALSE,O,WS,NA,NA,0,NA,15,NA
2025-0578,113-10,113,10,Pavement,17,4,3,NA,2025-05-23,2025-05-28,TRUE,TRUE,TRUE,NA,NA,NA,NA,NA,NA,13,NA
2025-0579,491-8,491,8,Wall,17,5,3,NA,2025-05-23,2025-05-28,TRUE,TRUE,TRUE,NA,NA,NA,NA,NA,NA,18,NA
2025-0580,486-8,486,8,Wall,17,6,3,NA,2025-05-23,2025-05-28,TRUE,TRUE,TRUE,NA,NA,NA,NA,NA,NA,17,NA
2025-0581,203-1,203,1,Pavement,17,7,3,NA,2025-05-23,2025-05-28,FALSE,FALSE,FALSE,O,H,NA,NA,0,NA,11,NA
2025-0582,449-21,449,21,Grass,17,1,4,NA,2025-05-23,2025-05-28,TRUE,TRUE,TRUE,NA,NA,NA,NA,NA,NA,21,NA
2025-0583,232-6,232,6,Tree Bed,17,2,4,NA,2025-05-23,2025-05-28,FALSE,FALSE,FALSE,O,H,NA,NA,0,NA,19,NA
2025-0584,232-14,232,14,Tree Bed,17,3,4,2025-06-30,2025-05-23,2025-05-28,FALSE,FALSE,FALSE,O,H,1,5,0,NA,19,NA
2025-0585,429-5,429,5,Wall,17,4,4,NA,2025-05-23,2025-05-28,FALSE,FALSE,FALSE,OL,H,NA,NA,NA,NA,5,NA
2025-0586,424-3,424,3,Wall,17,5,4,NA,2025-05-23,2025-05-28,FALSE,FALSE,FALSE,O,H,NA,NA,0,NA,4,NA
2025-0587,167-3,167,3,Tree Bed,17,6,4,NA,2025-05-23,2025-05-28,FALSE,FALSE,FALSE,OL,H,NA,NA,NA,NA,4,NA
2025-0588,203-10,203,10,Pavement,17,7,4,NA,2025-05-23,2025-05-28,TRUE,TRUE,TRUE,NA,NA,NA,NA,NA,NA,11,NA
2025-0589,310-9,310,9,Tree Bed,17,1,5,NA,2025-05-23,2025-05-28,FALSE,FALSE,FALSE,O,H,NA,NA,0,NA,33,NA
2025-0590,264-3,264,3,Tree Bed,17,2,5,NA,2025-05-23,2025-05-28,FALSE,FALSE,FALSE,OL,H,NA,NA,NA,NA,13,NA
2025-0591,459-7,459,7,Grass,17,3,5,NA,2025-05-23,2025-05-28,FALSE,FALSE,FALSE,O,H,NA,NA,0,NA,13,NA
2025-0593,7-6,7,6,Wall,17,5,5,NA,2025-05-23,2025-05-28,TRUE,TRUE,TRUE,NA,NA,NA,NA,NA,NA,18,NA
2025-0594,47-1,47,1,Grass,17,6,5,2025-06-19,2025-05-23,2025-05-28,FALSE,FALSE,FALSE,OL,H,1,19,NA,NA,20,NA
2025-0595,483-10,483,10,Wall,17,7,5,NA,2025-05-23,2025-05-28,FALSE,FALSE,FALSE,O,H,NA,NA,0,NA,20,NA
2025-0596,173-13,173,13,Tree Bed,18,1,1,NA,2025-05-22,2025-05-27,TRUE,TRUE,TRUE,NA,NA,NA,NA,NA,NA,20,Germinating on July 1.
2025-0597,459-10,459,10,Grass,18,2,1,NA,2025-05-22,2025-05-27,FALSE,FALSE,FALSE,OL,WS,NA,NA,NA,NA,13,NA
2025-0598,346-10,346,10,Pavement,18,3,1,NA,2025-05-22,2025-05-27,FALSE,FALSE,FALSE,O,WS,NA,NA,0,NA,14,NA
2025-0599,310-6,310,6,Tree Bed,18,4,1,NA,2025-05-22,2025-05-27,TRUE,TRUE,TRUE,NA,NA,NA,NA,NA,NA,33,NA
2025-0600,264-11,264,11,Tree Bed,18,5,1,NA,2025-05-22,2025-05-27,FALSE,FALSE,FALSE,O,H,1,15,0,NA,13,NA
2025-0602,453-10,453,10,Pavement,18,7,1,2025-06-18,2025-05-22,2025-05-27,FALSE,FALSE,FALSE,OL,H,1,24,NA,NA,20,NA
2025-0603,405-11,405,11,Pavement,18,1,2,2025-06-28,2025-05-22,2025-05-27,FALSE,FALSE,FALSE,O+L,H,1,10,NA,NA,21,NA
2025-0604,476-7,476,7,Wall,18,2,2,NA,2025-05-22,2025-05-27,FALSE,FALSE,FALSE,O,H,NA,NA,0,NA,7,NA
2025-0605,408-2,408,2,Pavement,18,3,2,NA,2025-05-22,2025-05-27,FALSE,FALSE,FALSE,O,H,NA,NA,0,NA,6,NA
2025-0606,451-13,451,13,Pavement,18,4,2,NA,2025-05-22,2025-05-27,TRUE,TRUE,TRUE,NA,NA,NA,NA,NA,NA,15,NA
2025-0607,180-5,180,5,Tree Bed,18,5,2,NA,2025-05-22,2025-05-27,FALSE,FALSE,FALSE,O,H,NA,NA,0,NA,10,NA
2025-0608,24-4,24,4,Wall,18,6,2,2025-06-28,2025-05-22,2025-05-27,TRUE,TRUE,FALSE,O,WS,1,8,0,NA,20,NA
2025-0609,488-17,488,17,Wall,18,7,2,NA,2025-05-22,2025-05-27,FALSE,FALSE,FALSE,O,H,NA,NA,0,NA,25,NA
2025-0610,342-18,342,18,Pavement,18,1,3,NA,2025-05-22,2025-05-27,FALSE,FALSE,FALSE,O,H,NA,NA,0,NA,18,NA
2025-0611,180-10,180,10,Tree Bed,18,2,3,2025-06-21,2025-05-22,2025-05-27,FALSE,FALSE,FALSE,O+L,H,1,22,NA,NA,10,NA
2025-0612,433-13,433,13,Wall,18,3,3,2025-06-16,2025-05-22,2025-05-27,FALSE,FALSE,FALSE,O,H,1,31,0,NA,18,NA
2025-0613,29-4,29,4,Wall,18,4,3,NA,2025-05-22,2025-05-27,FALSE,FALSE,FALSE,O,H,NA,NA,0,NA,8,NA
2025-0614,477-6,477,6,Wall,18,5,3,2025-06-21,2025-05-22,2025-05-27,FALSE,FALSE,FALSE,O,H,1,20,0,NA,20,NA
2025-0615,361-2,361,2,Grass,18,6,3,NA,2025-05-22,2025-05-27,TRUE,TRUE,TRUE,NA,NA,NA,NA,NA,NA,5,NA
2025-0616,45-6,45,6,Grass,18,7,3,NA,2025-05-22,2025-05-27,FALSE,FALSE,FALSE,O,H,NA,NA,0,NA,19,NA
2025-0617,348-3,348,3,Pavement,18,1,4,2025-07-04,2025-05-22,2025-05-27,FALSE,FALSE,FALSE,O,H,NA,NA,0,NA,19,NA
2025-0618,409-3,409,3,Pavement,18,2,4,NA,2025-05-22,2025-05-27,FALSE,FALSE,FALSE,O,H,NA,NA,0,NA,7,NA
2025-0619,463-7,463,7,Grass,18,3,4,NA,2025-05-22,2025-05-27,FALSE,FALSE,FALSE,O,H,NA,NA,0,NA,9,NA
2025-0620,310-11,310,11,Tree Bed,18,4,4,NA,2025-05-22,2025-05-27,TRUE,TRUE,TRUE,NA,NA,NA,NA,NA,NA,33,NA
2025-0621,232-10,232,10,Tree Bed,18,5,4,2025-06-20,2025-05-22,2025-05-27,FALSE,FALSE,FALSE,O,H,1,19,0,NA,19,NA
2025-0622,156-9,156,9,Pavement,18,6,4,NA,2025-05-22,2025-05-27,FALSE,FALSE,FALSE,O,H,NA,NA,0,NA,17,NA
2025-0623,241-1,241,1,Tree Bed,18,7,4,NA,2025-05-22,2025-05-27,FALSE,FALSE,FALSE,O,H,NA,NA,0,NA,7,NA
2025-0624,308-13,308,13,Tree Bed,18,1,5,NA,2025-05-22,2025-05-27,TRUE,TRUE,TRUE,NA,NA,NA,NA,NA,NA,15,NA
2025-0625,47-6,47,6,Grass,18,2,5,NA,2025-05-22,2025-05-27,TRUE,TRUE,TRUE,NA,NA,NA,NA,NA,NA,20,NA
2025-0626,113-5,113,5,Pavement,18,3,5,NA,2025-05-22,2025-05-27,FALSE,FALSE,FALSE,O,WS,NA,NA,0,NA,13,NA
2025-0627,484-7,484,7,Wall,18,4,5,NA,2025-05-22,2025-05-27,FALSE,FALSE,FALSE,O,H,NA,NA,0,NA,22,NA
2025-0628,113-6,113,6,Pavement,18,5,5,2025-06-21,2025-05-22,2025-05-27,FALSE,FALSE,FALSE,O+L,H,1,26,NA,NA,13,NA
2025-0629,484-15,484,15,Wall,18,6,5,NA,2025-05-22,2025-05-27,FALSE,FALSE,FALSE,O,H,NA,NA,0,NA,22,NA
2025-0630,8-19,8,19,Wall,18,7,5,2025-06-28,2025-05-22,2025-05-27,FALSE,FALSE,FALSE,O,H,1,13,0,NA,20,NA
2025-0631,348-15,348,15,Pavement,19,1,1,NA,2025-05-20,2025-05-26,TRUE,TRUE,TRUE,NA,NA,NA,NA,NA,NA,19,NA
2025-0632,472-17,472,17,Wall,19,2,1,NA,2025-05-20,2025-05-26,FALSE,FALSE,FALSE,O,H,NA,NA,0,NA,18,NA
2025-0633,34-1,34,1,Grass,19,3,1,NA,2025-05-20,2025-05-26,FALSE,FALSE,FALSE,O,H,NA,NA,0,NA,15,NA
2025-0634,172-12,172,12,Tree Bed,19,4,1,NA,2025-05-20,2025-05-26,FALSE,FALSE,FALSE,O,H,NA,NA,0,NA,15,NA
2025-0635,481-7,481,7,Wall,19,5,1,NA,2025-05-20,2025-05-26,FALSE,FALSE,FALSE,O,H,NA,NA,0,NA,16,NA
2025-0636,105-3,105,3,Pavement,19,6,1,NA,2025-05-20,2025-05-26,FALSE,FALSE,FALSE,O,H,NA,NA,0,NA,12,NA
2025-0637,405-14,405,14,Pavement,19,7,1,2025-07-02,2025-05-20,2025-05-26,FALSE,FALSE,FALSE,O,H,1,4,0,NA,21,NA
2025-0638,8-20,8,20,Wall,19,1,2,NA,2025-05-20,2025-05-26,FALSE,FALSE,FALSE,O,H,NA,NA,0,NA,20,NA
2025-0639,161-3,161,3,Tree Bed,19,2,2,NA,2025-05-20,2025-05-26,FALSE,FALSE,FALSE,O,H,NA,NA,0,NA,4,NA
2025-0640,348-4,348,4,Pavement,19,3,2,NA,2025-05-20,2025-05-26,TRUE,TRUE,TRUE,NA,NA,NA,NA,NA,NA,19,3 pair of leaves on July first
2025-0641,488-15,488,15,Wall,19,4,2,NA,2025-05-20,2025-05-26,FALSE,FALSE,FALSE,O,WS,NA,NA,0,NA,25,NA
2025-0642,444-4,444,4,Pavement,19,5,2,NA,2025-05-20,2025-05-26,FALSE,FALSE,FALSE,O,G,NA,NA,0,0,4,NA
2025-0643,357-13,357,13,Wall,19,6,2,2025-06-27,2025-05-20,2025-05-26,FALSE,FALSE,FALSE,O,H,1,16,0,NA,20,NA
2025-0644,428-1,428,1,Wall,19,7,2,NA,2025-05-20,2025-05-26,FALSE,FALSE,FALSE,O,H,NA,NA,0,NA,20,NA
2025-0645,466-1,466,1,Pavement,19,1,3,NA,2025-05-20,2025-05-26,FALSE,FALSE,FALSE,O,H,NA,NA,0,NA,20,NA
2025-0646,452-1,452,1,Pavement,19,2,3,NA,2025-05-20,2025-05-26,FALSE,FALSE,FALSE,O,H,NA,NA,0,NA,6,NA
2025-0647,345-19,345,19,Pavement,19,3,3,NA,2025-05-20,2025-05-26,FALSE,FALSE,FALSE,O,H,NA,NA,0,NA,14,NA
2025-0648,475-4,475,4,Wall,19,4,3,2025-06-17,2025-05-20,2025-05-26,FALSE,FALSE,FALSE,O,H,1,29,0,NA,4,NA
2025-0649,183-4,183,4,Tree Bed,19,5,3,2025-06-19,2025-05-20,2025-05-26,FALSE,FALSE,FALSE,O+L,H,1,31,NA,NA,20,NA
2025-0650,406-7,406,7,Pavement,19,6,3,2025-06-21,2025-05-20,2025-05-26,FALSE,FALSE,FALSE,L,WS,1,28,1,NA,14,NA
2025-0651,458-8,458,8,Pavement,19,7,3,2025-06-24,2025-05-20,2025-05-26,FALSE,FALSE,FALSE,O+L,WS,1,25,NA,NA,19,NA
2025-0652,463-2,463,2,Grass,19,1,4,NA,2025-05-20,2025-05-26,FALSE,FALSE,FALSE,O,H,NA,NA,0,NA,9,NA
2025-0653,45-5,45,5,Grass,19,2,4,NA,2025-05-20,2025-05-26,FALSE,FALSE,FALSE,O,H,NA,NA,0,NA,19,NA
2025-0654,184-12,184,12,Tree Bed,19,3,4,NA,2025-05-20,2025-05-26,TRUE,TRUE,FALSE,O,H,NA,NA,0,NA,19,NA
2025-0655,49-6,49,6,Grass,19,4,4,2025-06-20,2025-05-20,2025-05-26,FALSE,FALSE,FALSE,O+L,H,1,24,NA,NA,20,NA
2025-0656,258-9,258,9,Wall,19,5,4,2025-06-13,2025-05-20,2025-05-26,FALSE,FALSE,FALSE,OL,H,2,27,NA,NA,23,NA
2025-0657,8-15,8,15,Wall,19,6,4,2025-06-21,2025-05-20,2025-05-26,FALSE,FALSE,FALSE,O,H,1,21,0,NA,20,NA
2025-0658,487-6,487,6,Wall,19,7,4,NA,2025-05-20,2025-05-26,FALSE,FALSE,FALSE,O,H,NA,NA,0,NA,19,NA
2025-0659,449-17,449,17,Grass,19,1,5,NA,2025-05-20,2025-05-26,FALSE,FALSE,FALSE,O,H,NA,NA,0,NA,21,NA
2025-0660,458-12,458,12,Pavement,19,2,5,2025-06-21,2025-05-20,2025-05-26,FALSE,FALSE,FALSE,O+L,H,1,27,NA,NA,19,NA
2025-0661,24-8,24,8,Wall,19,3,5,NA,2025-05-20,2025-05-26,FALSE,FALSE,FALSE,O,H,NA,NA,0,NA,20,NA
2025-0662,444-3,444,3,Pavement,19,4,5,NA,2025-05-20,2025-05-26,FALSE,FALSE,FALSE,O,G,NA,NA,0,0,4,NA
2025-0663,310-9,310,9,Tree Bed,19,5,5,NA,2025-05-20,2025-05-26,TRUE,TRUE,TRUE,NA,NA,NA,NA,NA,NA,33,NA
2025-0664,305-2,305,2,Tree Bed,19,6,5,NA,2025-05-20,2025-05-26,FALSE,FALSE,FALSE,O,H,NA,NA,0,NA,4,NA
2025-0665,27-19,27,19,Wall,19,7,5,2025-06-24,2025-05-20,2025-05-26,FALSE,FALSE,FALSE,O+L,H,1,24,NA,NA,20,NA
2025-0666,35-3,35,3,Grass,20,1,1,2025-06-18,2025-05-22,2025-05-27,FALSE,FALSE,FALSE,O,H,NA,NA,0,NA,20,NA
2025-0667,482-9,482,9,Wall,20,2,1,2025-06-20,2025-05-22,2025-05-27,FALSE,FALSE,FALSE,O,H,NA,NA,0,NA,17,NA
2025-0668,35-20,35,20,Grass,20,3,1,NA,2025-05-22,2025-05-27,FALSE,FALSE,FALSE,O,H,NA,NA,0,NA,20,NA
2025-0669,483-7,483,7,Wall,20,4,1,2025-06-24,2025-05-22,2025-05-27,FALSE,FALSE,FALSE,O,H,1,16,0,NA,20,NA
2025-0670,486-3,486,3,Wall,20,5,1,NA,2025-05-22,2025-05-27,FALSE,FALSE,FALSE,O,H,NA,NA,0,NA,17,NA
2025-0671,466-7,466,7,Pavement,20,6,1,NA,2025-05-22,2025-05-27,FALSE,FALSE,FALSE,O,H,NA,NA,0,NA,20,NA
2025-0672,476-1,476,1,Wall,20,7,1,NA,2025-05-22,2025-05-27,FALSE,FALSE,FALSE,O,H,NA,NA,0,NA,7,NA
2025-0673,173-18,173,18,Tree Bed,20,1,2,NA,2025-05-22,2025-05-27,FALSE,FALSE,FALSE,O,H,NA,NA,0,NA,20,NA
2025-0674,438-7,438,7,Wall,20,2,2,NA,2025-05-22,2025-05-27,FALSE,FALSE,FALSE,O,H,NA,NA,0,NA,14,NA
2025-0675,456-2,456,2,Pavement,20,3,2,NA,2025-05-22,2025-05-27,FALSE,FALSE,FALSE,O,H,NA,NA,0,NA,6,NA
2025-0676,34-15,34,15,Grass,20,4,2,2025-06-18,2025-05-22,2025-05-27,FALSE,FALSE,FALSE,O+L,H,1,19,NA,NA,15,NA
2025-0677,172-15,172,15,Tree Bed,20,5,2,NA,2025-05-22,2025-05-27,FALSE,FALSE,FALSE,O,H,NA,NA,0,NA,15,NA
2025-0678,29-6,29,6,Wall,20,6,2,2025-06-24,2025-05-22,2025-05-27,FALSE,FALSE,FALSE,O+L,H,1,21,NA,NA,8,NA
2025-0679,468-5,468,5,Pavement,20,7,2,NA,2025-05-22,2025-05-27,TRUE,TRUE,TRUE,NA,NA,NA,NA,NA,NA,14,NA
2025-0680,344-1,344,1,Pavement,20,1,3,NA,2025-05-22,2025-05-27,FALSE,FALSE,FALSE,O,H,NA,NA,0,NA,19,NA
2025-0681,428-9,428,9,Wall,20,2,3,NA,2025-05-22,2025-05-27,FALSE,FALSE,FALSE,O,H,NA,NA,0,NA,20,NA
2025-0682,462-4,462,4,Grass,20,3,3,2025-06-25,2025-05-22,2025-05-27,FALSE,FALSE,FALSE,O,H,1,15,0,NA,5,NA
2025-0683,267-19,267,19,Tree Bed,20,4,3,NA,2025-05-22,2025-05-27,TRUE,TRUE,TRUE,NA,NA,NA,NA,NA,NA,21,NA
2025-0684,491-13,491,13,Wall,20,5,3,NA,2025-05-22,2025-05-27,FALSE,FALSE,FALSE,O,H,NA,NA,0,NA,18,NA
2025-0685,474-18,474,18,Wall,20,6,3,NA,2025-05-22,2025-05-27,TRUE,TRUE,TRUE,NA,NA,NA,NA,NA,NA,21,NA
2025-0686,187-6,187,6,Pavement,20,7,3,NA,2025-05-22,2025-05-27,FALSE,FALSE,FALSE,O,H,NA,NA,0,NA,5,NA
2025-0687,346-1,346,1,Pavement,20,1,4,NA,2025-05-22,2025-05-27,FALSE,FALSE,FALSE,O,H,NA,NA,0,NA,14,NA
2025-0688,265-19,265,19,Tree Bed,20,2,4,NA,2025-05-22,2025-05-27,FALSE,FALSE,FALSE,O,H,NA,NA,0,NA,22,NA
2025-0689,177-12,177,12,Tree Bed,20,3,4,NA,2025-05-22,2025-05-27,FALSE,FALSE,FALSE,O,H,NA,NA,0,NA,20,NA
2025-0690,439-14,439,14,Wall,20,4,4,NA,2025-05-22,2025-05-27,FALSE,FALSE,FALSE,O,H,NA,NA,0,NA,15,NA
2025-0691,282-19,282,19,Pavement,20,5,4,NA,2025-05-22,2025-05-27,TRUE,TRUE,TRUE,NA,NA,NA,NA,NA,NA,20,NA
2025-0692,27-16,27,16,Wall,20,6,4,2025-06-30,2025-05-22,2025-05-27,FALSE,FALSE,FALSE,O,H,1,4,0,NA,20,Flowering
2025-0693,429-1,429,1,Wall,20,7,4,NA,2025-05-22,2025-05-27,FALSE,FALSE,FALSE,O,WS,NA,NA,0,NA,5,NA
2025-0694,439-4,439,4,Wall,20,1,5,NA,2025-05-22,2025-05-27,FALSE,FALSE,FALSE,O,H,NA,NA,0,NA,15,NA
2025-0695,450-4,450,4,Grass,20,2,5,NA,2025-05-22,2025-05-27,FALSE,FALSE,FALSE,O,WS,NA,NA,0,NA,4,NA
2025-0696,183-14,183,14,Tree Bed,20,3,5,NA,2025-05-22,2025-05-27,FALSE,FALSE,FALSE,O,H,NA,NA,0,NA,20,NA
2025-0697,478-10,478,10,Wall,20,4,5,2025-06-21,2025-05-22,2025-05-27,FALSE,FALSE,FALSE,O+L,H,1,18,NA,NA,19,NA
2025-0698,233-15,233,15,Tree Bed,20,5,5,NA,2025-05-22,2025-05-27,FALSE,FALSE,FALSE,O,H,NA,NA,0,NA,21,NA
2025-0699,168-19,168,19,Tree Bed,20,6,5,NA,2025-05-22,2025-05-27,FALSE,FALSE,FALSE,O,H,NA,NA,0,NA,20,NA
2025-0700,348-19,348,19,Pavement,20,7,5,NA,2025-05-22,2025-05-27,FALSE,FALSE,FALSE,O,H,NA,NA,0,NA,19,NA
2025-0701,441-1,441,1,Pavement,21,1,1,NA,2025-05-22,2025-05-27,FALSE,FALSE,FALSE,O,H,NA,NA,0,NA,4,NA
2025-0702,475-2,475,2,Wall,21,2,1,NA,2025-05-22,2025-05-27,FALSE,FALSE,FALSE,O,H,NA,NA,0,NA,4,NA
2025-0703,452-6,452,6,Pavement,21,3,1,NA,2025-05-22,2025-05-27,TRUE,TRUE,TRUE,NA,NA,NA,NA,NA,NA,6,Germinated on July first
2025-0704,405-20,405,20,Pavement,21,4,1,2025-06-25,2025-05-22,2025-05-27,FALSE,FALSE,FALSE,O,H,1,18,0,NA,21,NA
2025-0705,267-10,267,10,Tree Bed,21,5,1,2025-06-25,2025-05-22,2025-05-27,FALSE,FALSE,FALSE,O+L,H,1,14,NA,NA,21,NA
2025-0706,448-4,448,4,Grass,21,6,1,NA,2025-05-22,2025-05-27,FALSE,FALSE,FALSE,O,H,NA,NA,0,NA,18,NA
2025-0707,102-8,102,8,Pavement,21,7,1,NA,2025-05-22,2025-05-27,FALSE,FALSE,FALSE,O,H,NA,NA,0,NA,12,NA
2025-0708,472-5,472,5,Wall,21,1,2,NA,2025-05-22,2025-05-27,FALSE,FALSE,FALSE,O,H,NA,NA,0,NA,18,NA
2025-0709,169-5,169,5,Tree Bed,21,2,2,NA,2025-05-22,2025-05-27,FALSE,FALSE,FALSE,O,H,NA,NA,0,NA,20,NA
2025-0710,191-2,191,2,Pavement,21,3,2,NA,2025-05-22,2025-05-27,TRUE,TRUE,TRUE,NA,NA,NA,NA,NA,NA,8,NA
2025-0711,263-15,263,15,Tree Bed,21,4,2,NA,2025-05-22,2025-05-27,FALSE,FALSE,FALSE,O,WS,NA,NA,0,NA,20,NA
2025-0712,447-9,447,9,Grass,21,5,2,NA,2025-05-22,2025-05-27,FALSE,FALSE,FALSE,O,WS,NA,NA,0,NA,10,NA
2025-0713,346-20,346,20,Pavement,21,6,2,2025-06-21,2025-05-22,2025-05-27,FALSE,FALSE,FALSE,O,H,1,20,0,NA,14,NA
2025-0714,482-2,482,2,Wall,21,7,2,NA,2025-05-22,2025-05-27,FALSE,FALSE,FALSE,O,H,NA,NA,0,NA,17,NA
2025-0715,449-15,449,15,Grass,21,1,3,NA,2025-05-22,2025-05-27,FALSE,FALSE,FALSE,O,H,NA,NA,0,NA,21,NA
2025-0716,345-2,345,2,Pavement,21,2,3,NA,2025-05-22,2025-05-27,FALSE,FALSE,FALSE,O,H,NA,NA,0,NA,14,NA
2025-0717,447-3,447,3,Grass,21,3,3,NA,2025-05-22,2025-05-27,FALSE,FALSE,FALSE,O,H,NA,NA,0,NA,10,NA
2025-0718,180-3,180,3,Tree Bed,21,4,3,NA,2025-05-22,2025-05-27,TRUE,TRUE,TRUE,NA,NA,NA,NA,NA,NA,10,NA
2025-0719,264-12,264,12,Tree Bed,21,5,3,NA,2025-05-22,2025-05-27,FALSE,FALSE,FALSE,O,H,NA,NA,0,NA,13,NA
2025-0720,406-14,406,14,Pavement,21,6,3,2025-07-05,2025-05-22,2025-05-27,FALSE,FALSE,FALSE,O,H,NA,NA,0,NA,14,NA
2025-0721,105-1,105,1,Pavement,21,7,3,2025-06-18,2025-05-22,2025-05-27,FALSE,FALSE,FALSE,O+L,H,1,29,NA,NA,12,NA
2025-0722,481-2,481,2,Wall,21,1,4,2025-06-25,2025-05-22,2025-05-27,FALSE,FALSE,FALSE,O+L,H,1,20,NA,NA,16,NA
2025-0723,480-2,480,2,Wall,21,2,4,NA,2025-05-22,2025-05-27,FALSE,FALSE,FALSE,O,H,NA,NA,0,NA,14,NA
2025-0724,167-1,167,1,Tree Bed,21,3,4,NA,2025-05-22,2025-05-27,FALSE,FALSE,FALSE,O,H,NA,NA,0,NA,4,NA
2025-0725,35-2,35,2,Grass,21,4,4,2025-06-28,2025-05-22,2025-05-27,FALSE,FALSE,FALSE,O+L,H,1,14,NA,NA,20,NA
2025-0726,459-8,459,8,Grass,21,5,4,NA,2025-05-22,2025-05-27,FALSE,FALSE,FALSE,O,H,NA,NA,0,NA,13,NA
2025-0727,8-14,8,14,Wall,21,6,4,2025-07-02,2025-05-22,2025-05-27,FALSE,FALSE,FALSE,O,H,1,4,0,NA,20,NA
2025-0728,459-4,459,4,Grass,21,7,4,NA,2025-05-22,2025-05-27,FALSE,FALSE,FALSE,O,H,NA,NA,0,NA,13,NA
2025-0729,489-15,489,15,Wall,21,1,5,2025-06-21,2025-05-22,2025-05-27,FALSE,FALSE,FALSE,O,H,1,23,0,NA,22,NA
2025-0730,478-15,478,15,Wall,21,2,5,NA,2025-05-22,2025-05-27,FALSE,FALSE,FALSE,O,H,NA,NA,0,NA,19,NA
2025-0731,49-9,49,9,Grass,21,3,5,2025-06-19,2025-05-22,2025-05-27,FALSE,FALSE,FALSE,O,WS,1,21,0,NA,20,NA
2025-0732,438-12,438,12,Wall,21,4,5,NA,2025-05-22,2025-05-27,FALSE,FALSE,FALSE,O,H,NA,NA,0,NA,14,NA
2025-0733,7-8,7,8,Wall,21,5,5,NA,2025-05-22,2025-05-27,FALSE,FALSE,FALSE,O,H,NA,NA,0,NA,18,NA
2025-0734,172-5,172,5,Tree Bed,21,6,5,2025-06-21,2025-05-22,2025-05-27,FALSE,FALSE,FALSE,O,H,1,22,0,NA,15,NA
2025-0735,264-7,264,7,Tree Bed,21,7,5,NA,2025-05-22,2025-05-27,TRUE,TRUE,TRUE,NA,NA,NA,NA,NA,NA,13,NA
2025-0736,433-19,433,19,Wall,22,1,1,NA,2025-05-22,2025-05-27,FALSE,FALSE,FALSE,O,H,NA,NA,0,NA,18,NA
2025-0737,459-1,459,1,Grass,22,2,1,NA,2025-05-22,2025-05-27,FALSE,FALSE,FALSE,O,H,NA,NA,0,NA,13,NA
2025-0738,183-3,183,3,Tree Bed,22,3,1,2025-07-07,2025-05-22,2025-05-27,FALSE,FALSE,FALSE,O,H,NA,NA,0,NA,20,NA
2025-0739,462-5,462,5,Grass,22,4,1,NA,2025-05-22,2025-05-27,TRUE,TRUE,TRUE,NA,NA,NA,NA,NA,NA,5,NA
2025-0740,468-4,468,4,Pavement,22,5,1,NA,2025-05-22,2025-05-27,FALSE,FALSE,FALSE,O,H,NA,NA,0,NA,14,NA
2025-0741,454-3,454,3,Pavement,22,6,1,2025-06-28,2025-05-22,2025-05-27,FALSE,FALSE,FALSE,O+L,H,1,17,NA,NA,8,NA
2025-0742,452-7,452,7,Pavement,22,7,1,NA,2025-05-22,2025-05-27,TRUE,TRUE,TRUE,NA,NA,NA,NA,NA,NA,6,NA
2025-0743,481-1,481,1,Wall,22,1,2,NA,2025-05-22,2025-05-27,TRUE,FALSE,FALSE,O,H,NA,NA,0,NA,16,NA
2025-0744,471-3,471,3,Pavement,22,2,2,2025-07-07,2025-05-22,2025-05-27,FALSE,FALSE,FALSE,O,H,NA,NA,0,NA,5,NA
2025-0745,168-2,168,2,Tree Bed,22,3,2,NA,2025-05-22,2025-05-27,FALSE,FALSE,FALSE,O,H,NA,NA,0,NA,20,NA
2025-0746,449-9,449,9,Grass,22,4,2,NA,2025-05-22,2025-05-27,FALSE,FALSE,FALSE,O,H,NA,NA,0,NA,21,NA
2025-0747,449-3,449,3,Grass,22,5,2,NA,2025-05-22,2025-05-27,TRUE,TRUE,TRUE,NA,NA,NA,NA,NA,NA,21,NA
2025-0748,453-8,453,8,Pavement,22,6,2,2025-06-19,2025-05-22,2025-05-27,FALSE,FALSE,FALSE,O+L,S,1,17,NA,1,20,NA
2025-0749,483-3,483,3,Wall,22,7,2,NA,2025-05-22,2025-05-27,FALSE,FALSE,FALSE,O,H,NA,NA,0,NA,20,NA
2025-0750,233-7,233,7,Tree Bed,22,1,3,NA,2025-05-22,2025-05-27,FALSE,FALSE,FALSE,O,H,NA,NA,0,NA,21,NA
2025-0751,487-18,487,18,Wall,22,2,3,NA,2025-05-22,2025-05-27,FALSE,FALSE,FALSE,O,H,NA,NA,0,NA,19,NA
2025-0752,184-18,184,18,Tree Bed,22,3,3,2025-06-30,2025-05-22,2025-05-27,FALSE,FALSE,FALSE,O,H,1,6,0,NA,19,Flowering
2025-0753,105-6,105,6,Pavement,22,4,3,NA,2025-05-22,2025-05-27,FALSE,FALSE,FALSE,O,H,NA,NA,0,NA,12,NA
2025-0754,183-9,183,9,Tree Bed,22,5,3,NA,2025-05-22,2025-05-27,FALSE,FALSE,FALSE,O,H,NA,NA,0,NA,20,NA
2025-0755,456-5,456,5,Pavement,22,6,3,2025-06-19,2025-05-22,2025-05-27,FALSE,FALSE,FALSE,O,H,2,22,0,NA,6,NA
2025-0756,491-3,491,3,Wall,22,7,3,NA,2025-05-22,2025-05-27,TRUE,TRUE,TRUE,NA,NA,NA,NA,NA,NA,18,NA
2025-0757,255-2,255,2,Grass,22,1,4,NA,2025-05-22,2025-05-27,FALSE,FALSE,FALSE,OL,H,NA,NA,NA,NA,6,NA
2025-0758,477-3,477,3,Wall,22,2,4,NA,2025-05-22,2025-05-27,FALSE,FALSE,FALSE,O,G,NA,NA,0,0,20,NA
2025-0759,447-2,447,2,Grass,22,3,4,NA,2025-05-22,2025-05-27,FALSE,FALSE,FALSE,O,H,NA,NA,0,NA,10,NA
2025-0760,24-18,24,18,Wall,22,4,4,2025-06-19,2025-05-22,2025-05-27,FALSE,FALSE,FALSE,O,H,1,18,0,NA,20,NA
2025-0761,489-1,489,1,Wall,22,5,4,2025-06-20,2025-05-22,2025-05-27,FALSE,FALSE,FALSE,O,H,1,25,0,NA,22,NA
2025-0762,267-1,267,1,Tree Bed,22,6,4,NA,2025-05-22,2025-05-27,TRUE,TRUE,TRUE,NA,NA,NA,NA,NA,NA,21,NA
2025-0763,451-1,451,1,Pavement,22,7,4,NA,2025-05-22,2025-05-27,FALSE,FALSE,FALSE,O,H,NA,NA,0,NA,15,NA
2025-0764,344-8,344,8,Pavement,22,1,5,NA,2025-05-22,2025-05-27,FALSE,FALSE,FALSE,O,H,NA,NA,0,NA,19,NA
2025-0765,429-4,429,4,Wall,22,2,5,NA,2025-05-22,2025-05-27,FALSE,FALSE,FALSE,O,H,NA,NA,0,NA,5,NA
2025-0766,482-15,482,15,Wall,22,3,5,NA,2025-05-22,2025-05-27,TRUE,TRUE,TRUE,NA,NA,NA,NA,NA,NA,17,NA
2025-0767,428-8,428,8,Wall,22,4,5,NA,2025-05-22,2025-05-27,FALSE,FALSE,FALSE,O,H,NA,NA,0,NA,20,NA
2025-0768,472-11,472,11,Wall,22,5,5,NA,2025-05-22,2025-05-27,TRUE,TRUE,TRUE,NA,NA,NA,NA,NA,NA,18,NA
2025-0769,346-18,346,18,Pavement,22,6,5,NA,2025-05-22,2025-05-27,FALSE,FALSE,FALSE,O,H,NA,NA,0,NA,14,NA
2025-0770,458-11,458,11,Pavement,22,7,5,NA,2025-05-22,2025-05-27,FALSE,FALSE,FALSE,O,H,NA,NA,0,NA,19,NA
2025-0771,263-17,263,17,Tree Bed,23,1,1,NA,2025-05-21,2025-05-26,FALSE,FALSE,FALSE,OL,H,NA,NA,NA,NA,20,NA
2025-0772,120-5,120,5,Pavement,23,2,1,NA,2025-05-21,2025-05-26,FALSE,FALSE,FALSE,O,H,NA,NA,0,NA,5,NA
2025-0773,258-20,258,20,Wall,23,3,1,NA,2025-05-21,2025-05-26,FALSE,FALSE,FALSE,O,H,NA,NA,0,NA,23,NA
2025-0774,486-15,486,15,Wall,23,4,1,NA,2025-05-21,2025-05-26,FALSE,FALSE,FALSE,O,H,NA,NA,0,NA,17,NA
2025-0775,448-18,448,18,Grass,23,5,1,NA,2025-05-21,2025-05-26,TRUE,TRUE,TRUE,NA,NA,NA,NA,NA,NA,18,NA
2025-0776,479-4,479,4,Wall,23,6,1,NA,2025-05-21,2025-05-26,FALSE,FALSE,FALSE,O,H,NA,NA,0,NA,18,NA
2025-0777,459-3,459,3,Grass,23,7,1,NA,2025-05-21,2025-05-26,FALSE,FALSE,FALSE,O,H,NA,NA,0,NA,13,NA
2025-0778,439-2,439,2,Wall,23,1,2,NA,2025-05-21,2025-05-26,FALSE,FALSE,FALSE,O,H,NA,NA,0,NA,15,NA
2025-0779,173-17,173,17,Tree Bed,23,2,2,NA,2025-05-21,2025-05-26,FALSE,FALSE,FALSE,O,H,NA,NA,0,NA,20,NA
2025-0780,49-19,49,19,Grass,23,3,2,2025-06-17,2025-05-21,2025-05-26,FALSE,FALSE,FALSE,O,H,3,34,0,NA,20,NA
2025-0781,156-17,156,17,Pavement,23,4,2,NA,2025-05-21,2025-05-26,FALSE,FALSE,FALSE,O,H,NA,NA,0,NA,17,NA
2025-0782,406-11,406,11,Pavement,23,5,2,2025-06-19,2025-05-21,2025-05-26,FALSE,FALSE,FALSE,L,WS,2,36,1,NA,14,NA
2025-0783,346-17,346,17,Pavement,23,6,2,NA,2025-05-21,2025-05-26,FALSE,FALSE,FALSE,O,H,NA,NA,0,NA,14,NA
2025-0784,447-5,447,5,Grass,23,7,2,2025-06-27,2025-05-21,2025-05-26,FALSE,FALSE,FALSE,OL,H,1,21,NA,NA,10,NA
2025-0785,263-4,263,4,Tree Bed,23,1,3,NA,2025-05-21,2025-05-26,FALSE,FALSE,FALSE,OL,H,NA,NA,NA,NA,20,NA
2025-0786,265-9,265,9,Tree Bed,23,2,3,2025-07-04,2025-05-21,2025-05-26,FALSE,FALSE,FALSE,O,H,NA,NA,0,NA,22,NA
2025-0787,282-11,282,11,Pavement,23,3,3,NA,2025-05-21,2025-05-26,TRUE,TRUE,TRUE,NA,NA,NA,NA,NA,NA,20,NA
2025-0788,441-2,441,2,Pavement,23,4,3,2025-06-27,2025-05-21,2025-05-26,FALSE,FALSE,FALSE,OL,WS,1,26,NA,NA,4,NA
2025-0789,439-13,439,13,Wall,23,5,3,NA,2025-05-21,2025-05-26,FALSE,FALSE,FALSE,O,H,NA,NA,0,NA,15,NA
2025-0790,265-10,265,10,Tree Bed,23,6,3,NA,2025-05-21,2025-05-26,TRUE,TRUE,TRUE,NA,NA,NA,NA,NA,NA,22,NA
2025-0791,407-5,407,5,Pavement,23,7,3,2025-07-07,2025-05-21,2025-05-26,FALSE,FALSE,FALSE,OL,H,NA,NA,NA,NA,19,NA
2025-0792,361-1,361,1,Grass,23,1,4,NA,2025-05-21,2025-05-26,TRUE,TRUE,TRUE,NA,NA,NA,NA,NA,NA,5,NA
2025-0793,342-5,342,5,Pavement,23,2,4,NA,2025-05-21,2025-05-26,FALSE,FALSE,FALSE,O,H,NA,NA,0,NA,18,NA
2025-0794,346-5,346,5,Pavement,23,3,4,NA,2025-05-21,2025-05-26,TRUE,TRUE,TRUE,NA,NA,NA,NA,NA,NA,14,NA
2025-0795,359-6,359,6,Grass,23,4,4,NA,2025-05-21,2025-05-26,FALSE,FALSE,FALSE,O,H,NA,NA,0,NA,10,NA
2025-0796,172-14,172,14,Tree Bed,23,5,4,NA,2025-05-21,2025-05-26,FALSE,FALSE,FALSE,O,H,NA,NA,0,NA,15,NA
2025-0797,494-10,494,10,Wall,23,6,4,NA,2025-05-21,2025-05-26,FALSE,FALSE,FALSE,O,H,NA,NA,0,NA,12,NA
2025-0798,480-11,480,11,Wall,23,7,4,NA,2025-05-21,2025-05-26,FALSE,FALSE,FALSE,O,H,NA,NA,0,NA,14,NA
2025-0799,453-9,453,9,Pavement,23,1,5,NA,2025-05-21,2025-05-26,FALSE,FALSE,FALSE,O,H,NA,NA,0,NA,20,NA
2025-0800,282-8,282,8,Pavement,23,2,5,NA,2025-05-21,2025-05-26,TRUE,TRUE,TRUE,NA,NA,NA,NA,NA,NA,20,NA
2025-0801,47-2,47,2,Grass,23,3,5,2025-07-04,2025-05-21,2025-05-26,FALSE,FALSE,FALSE,O+L,H,NA,NA,NA,NA,20,NA
2025-0802,41-15,41,15,Grass,23,4,5,NA,2025-05-21,2025-05-26,FALSE,FALSE,FALSE,O+L,WS,NA,NA,NA,NA,15,NA
2025-0803,448-16,448,16,Grass,23,5,5,NA,2025-05-21,2025-05-26,FALSE,FALSE,FALSE,O,H,NA,NA,0,NA,18,NA
2025-0804,494-3,494,3,Wall,23,6,5,NA,2025-05-21,2025-05-26,FALSE,FALSE,FALSE,O,H,NA,NA,0,NA,12,NA
2025-0805,264-10,264,10,Tree Bed,23,7,5,NA,2025-05-21,2025-05-26,FALSE,FALSE,FALSE,O,H,NA,NA,0,NA,13,NA
2025-0806,474-15,474,15,Wall,24,1,1,NA,2025-05-21,2025-05-26,FALSE,FALSE,FALSE,O,H,NA,NA,0,NA,21,NA
2025-0807,476-6,476,6,Wall,24,2,1,NA,2025-05-21,2025-05-26,FALSE,FALSE,FALSE,O,WS,NA,NA,0,NA,7,NA
2025-0808,310-13,310,13,Tree Bed,24,3,1,NA,2025-05-21,2025-05-26,TRUE,TRUE,TRUE,NA,NA,NA,NA,NA,NA,33,NA
2025-0809,1-1,1,1,Wall,24,4,1,2025-06-29,2025-05-21,2025-05-26,FALSE,FALSE,FALSE,O,H,NA,NA,0,NA,13,NA
2025-0810,169-11,169,11,Tree Bed,24,5,1,NA,2025-05-21,2025-05-26,FALSE,FALSE,FALSE,O,H,NA,NA,0,NA,20,NA
2025-0811,450-2,450,2,Grass,24,6,1,NA,2025-05-21,2025-05-26,TRUE,TRUE,TRUE,NA,NA,NA,NA,NA,NA,4,NA
2025-0812,481-6,481,6,Wall,24,7,1,NA,2025-05-21,2025-05-26,FALSE,FALSE,FALSE,O,H,NA,NA,0,NA,16,NA
2025-0813,458-3,458,3,Pavement,24,1,2,NA,2025-05-21,2025-05-26,FALSE,FALSE,FALSE,O,G,NA,NA,0,0,19,NA
2025-0814,449-1,449,1,Grass,24,2,2,NA,2025-05-21,2025-05-26,TRUE,TRUE,TRUE,NA,NA,NA,NA,NA,NA,21,NA
2025-0815,258-3,258,3,Wall,24,3,2,NA,2025-05-21,2025-05-26,FALSE,FALSE,FALSE,O,H,NA,NA,0,NA,23,NA
2025-0816,468-12,468,12,Pavement,24,4,2,NA,2025-05-21,2025-05-26,FALSE,FALSE,FALSE,O,H,NA,NA,0,NA,14,NA
2025-0817,487-19,487,19,Wall,24,5,2,2025-06-23,2025-05-21,2025-05-26,FALSE,FALSE,FALSE,O+L,H,1,18,NA,NA,19,NA
2025-0818,429-2,429,2,Wall,24,6,2,NA,2025-05-21,2025-05-26,FALSE,FALSE,FALSE,O,H,NA,NA,0,NA,5,NA
2025-0819,7-3,7,3,Wall,24,7,2,NA,2025-05-21,2025-05-26,TRUE,TRUE,TRUE,NA,NA,NA,NA,NA,NA,18,"Germinated later, but too small for leaf morphology determining"
2025-0820,177-9,177,9,Tree Bed,24,1,3,NA,2025-05-21,2025-05-26,FALSE,FALSE,FALSE,O,H,NA,NA,0,NA,20,NA
2025-0821,468-11,468,11,Pavement,24,2,3,NA,2025-05-21,2025-05-26,FALSE,FALSE,FALSE,O,H,NA,NA,0,NA,14,NA
2025-0822,45-17,45,17,Grass,24,3,3,NA,2025-05-21,2025-05-26,FALSE,FALSE,FALSE,OL,WS,NA,NA,NA,NA,19,NA
2025-0823,122-11,122,11,Pavement,24,4,3,NA,2025-05-21,2025-05-26,FALSE,FALSE,FALSE,O,WS,NA,NA,0,NA,20,NA
2025-0824,406-14,406,14,Pavement,24,5,3,NA,2025-05-21,2025-05-26,FALSE,FALSE,FALSE,O,H,NA,NA,0,NA,14,NA
2025-0825,282-1,282,1,Pavement,24,6,3,NA,2025-05-21,2025-05-26,TRUE,TRUE,TRUE,NA,NA,NA,NA,NA,NA,20,NA
2025-0826,49-5,49,5,Grass,24,7,3,2025-06-23,2025-05-21,2025-05-26,FALSE,FALSE,FALSE,O+L,H,1,18,NA,NA,20,NA
2025-0827,94-1,94,1,Pavement,24,1,4,NA,2025-05-21,2025-05-26,FALSE,FALSE,FALSE,O,H,NA,NA,0,NA,4,NA
2025-0828,182-1,182,1,Tree Bed,24,2,4,NA,2025-05-21,2025-05-26,TRUE,TRUE,TRUE,NA,NA,NA,NA,NA,NA,4,NA
2025-0829,454-6,454,6,Pavement,24,3,4,NA,2025-05-21,2025-05-26,FALSE,FALSE,FALSE,O,H,NA,NA,0,NA,8,NA
2025-0830,441-3,441,3,Pavement,24,4,4,NA,2025-05-21,2025-05-26,TRUE,FALSE,FALSE,O,H,NA,NA,0,NA,4,NA
2025-0831,484-9,484,9,Wall,24,5,4,NA,2025-05-21,2025-05-26,TRUE,FALSE,FALSE,O,H,NA,NA,0,NA,22,NA
2025-0832,173-9,173,9,Tree Bed,24,6,4,NA,2025-05-21,2025-05-26,FALSE,FALSE,FALSE,O,H,NA,NA,0,NA,20,NA
2025-0833,483-6,483,6,Wall,24,7,4,NA,2025-05-21,2025-05-26,FALSE,FALSE,FALSE,O,H,NA,NA,0,NA,20,NA
2025-0834,408-10,408,10,Pavement,24,1,5,NA,2025-05-21,2025-05-26,FALSE,FALSE,FALSE,O,H,NA,NA,0,NA,6,NA
2025-0835,489-17,489,17,Wall,24,2,5,NA,2025-05-21,2025-05-26,FALSE,FALSE,FALSE,O,H,NA,NA,0,NA,22,NA
2025-0836,41-7,41,7,Grass,24,3,5,2025-06-28,2025-05-21,2025-05-26,FALSE,FALSE,FALSE,O+L,H,1,12,NA,NA,15,NA
2025-0837,29-7,29,7,Wall,24,4,5,NA,2025-05-21,2025-05-26,TRUE,TRUE,TRUE,NA,NA,NA,NA,NA,NA,8,NA
2025-0838,113-4,113,4,Pavement,24,5,5,NA,2025-05-21,2025-05-26,FALSE,FALSE,FALSE,O,H,NA,NA,0,NA,13,NA
2025-0839,203-11,203,11,Pavement,24,6,5,2025-06-16,2025-05-21,2025-05-26,FALSE,FALSE,FALSE,O+L,H,1,20,NA,NA,11,NA
2025-0840,24-15,24,15,Wall,24,7,5,NA,2025-05-21,2025-05-26,TRUE,FALSE,FALSE,O,H,NA,NA,0,NA,20,NA
2025-0841,258-13,258,13,Wall,25,1,1,NA,2025-05-21,2025-05-26,TRUE,TRUE,TRUE,NA,NA,NA,NA,NA,NA,23,NA
2025-0842,466-16,466,16,Pavement,25,2,1,NA,2025-05-21,2025-05-26,TRUE,TRUE,TRUE,NA,NA,NA,NA,NA,NA,20,NA
2025-0843,344-16,344,16,Pavement,25,3,1,NA,2025-05-21,2025-05-26,FALSE,FALSE,FALSE,O,H,NA,NA,0,NA,19,NA
2025-0844,173-3,173,3,Tree Bed,25,4,1,NA,2025-05-21,2025-05-26,TRUE,TRUE,TRUE,NA,NA,NA,NA,NA,NA,20,NA
2025-0845,359-7,359,7,Grass,25,5,1,2025-07-06,2025-05-21,2025-05-26,FALSE,FALSE,FALSE,O,H,NA,NA,0,NA,10,NA
2025-0846,27-12,27,12,Wall,25,6,1,NA,2025-05-21,2025-05-26,FALSE,FALSE,FALSE,O,H,NA,NA,0,NA,20,NA
2025-0847,265-16,265,16,Tree Bed,25,7,1,NA,2025-05-21,2025-05-26,TRUE,TRUE,TRUE,NA,NA,NA,NA,NA,NA,22,NA
2025-0848,156-4,156,4,Pavement,25,1,2,NA,2025-05-21,2025-05-26,FALSE,FALSE,FALSE,O+L,H,NA,NA,NA,NA,17,NA
2025-0849,344-19,344,19,Pavement,25,2,2,NA,2025-05-21,2025-05-26,TRUE,FALSE,FALSE,O,H,NA,NA,0,NA,19,NA
2025-0850,255-6,255,6,Grass,25,3,2,2025-06-19,2025-05-21,2025-05-26,FALSE,FALSE,FALSE,O+L,H,1,28,NA,NA,6,NA
2025-0851,438-2,438,2,Wall,25,4,2,2025-07-07,2025-05-21,2025-05-26,FALSE,FALSE,FALSE,O+L,H,NA,NA,NA,NA,14,NA
2025-0852,494-18,494,18,Wall,25,5,2,NA,2025-05-21,2025-05-26,FALSE,FALSE,FALSE,O+L,H,NA,NA,NA,NA,12,NA
2025-0853,105-12,105,12,Pavement,25,6,2,NA,2025-05-21,2025-05-26,TRUE,FALSE,FALSE,O,H,NA,NA,0,NA,12,NA
2025-0854,169-8,169,8,Tree Bed,25,7,2,NA,2025-05-21,2025-05-26,TRUE,TRUE,TRUE,NA,NA,NA,NA,NA,NA,20,NA
2025-0855,347-18,347,18,Pavement,25,1,3,2025-06-27,2025-05-21,2025-05-26,FALSE,FALSE,FALSE,O+L,H,1,20,NA,NA,19,NA
2025-0856,168-17,168,17,Tree Bed,25,2,3,2025-06-28,2025-05-21,2025-05-26,FALSE,FALSE,FALSE,O,H,1,14,0,NA,20,NA
2025-0857,486-14,486,14,Wall,25,3,3,NA,2025-05-21,2025-05-26,FALSE,FALSE,FALSE,O,H,NA,NA,0,NA,17,NA
2025-0858,105-7,105,7,Pavement,25,4,3,NA,2025-05-21,2025-05-26,TRUE,TRUE,TRUE,NA,NA,NA,NA,NA,NA,12,NA
2025-0859,458-2,458,2,Pavement,25,5,3,NA,2025-05-21,2025-05-26,TRUE,TRUE,TRUE,NA,NA,NA,NA,NA,NA,19,NA
2025-0860,122-14,122,14,Pavement,25,6,3,2025-06-19,2025-05-21,2025-05-26,FALSE,FALSE,FALSE,OL,WS,4,33,NA,NA,20,NA
2025-0861,308-5,308,5,Tree Bed,25,7,3,2025-07-07,2025-05-21,2025-05-26,FALSE,FALSE,FALSE,O+L,S,NA,NA,NA,1,15,NA
2025-0862,122-19,122,19,Pavement,25,1,4,2025-06-19,2025-05-21,2025-05-26,FALSE,FALSE,FALSE,O+L,WS,2,40,NA,NA,20,NA
2025-0863,177-3,177,3,Tree Bed,25,2,4,NA,2025-05-21,2025-05-26,FALSE,FALSE,FALSE,O,H,NA,NA,0,NA,20,NA
2025-0864,19-4,19,4,Wall,25,3,4,NA,2025-05-21,2025-05-26,TRUE,TRUE,TRUE,NA,NA,NA,NA,NA,NA,6,NA
2025-0865,1-3,1,3,Wall,25,4,4,NA,2025-05-21,2025-05-26,FALSE,FALSE,FALSE,O,H,NA,NA,0,NA,13,NA
2025-0866,187-5,187,5,Pavement,25,5,4,2025-07-01,2025-05-21,2025-05-26,FALSE,FALSE,FALSE,O,H,1,3,0,NA,5,Flowering
2025-0867,406-9,406,9,Pavement,25,6,4,NA,2025-05-21,2025-05-26,FALSE,FALSE,FALSE,O+L,H,NA,NA,NA,NA,14,NA
2025-0868,173-7,173,7,Tree Bed,25,7,4,NA,2025-05-21,2025-05-26,FALSE,FALSE,FALSE,O,H,NA,NA,0,NA,20,NA
2025-0869,45-7,45,7,Grass,25,1,5,NA,2025-05-21,2025-05-26,FALSE,FALSE,FALSE,O,H,NA,NA,0,NA,19,NA
2025-0870,232-1,232,1,Tree Bed,25,2,5,NA,2025-05-21,2025-05-26,FALSE,FALSE,FALSE,O,H,NA,NA,0,NA,19,NA
2025-0871,409-15,409,15,Pavement,25,3,5,NA,2025-05-21,2025-05-26,FALSE,FALSE,FALSE,O,H,NA,NA,0,NA,7,NA
2025-0872,478-11,478,11,Wall,25,4,5,2025-07-01,2025-05-21,2025-05-26,FALSE,FALSE,FALSE,O,H,1,4,0,NA,19,Flowering
2025-0873,172-7,172,7,Tree Bed,25,5,5,NA,2025-05-21,2025-05-26,FALSE,FALSE,FALSE,O,H,NA,NA,0,NA,15,NA
2025-0874,106-1,106,1,Pavement,25,6,5,NA,2025-05-21,2025-05-26,FALSE,FALSE,FALSE,O,H,NA,NA,0,NA,4,NA
2025-0875,472-20,472,20,Wall,25,7,5,2025-06-17,2025-05-21,2025-05-26,FALSE,FALSE,FALSE,O,WS,2,34,0,NA,18,NA
2025-0876,477-18,477,18,Wall,26,1,1,2025-06-19,2025-05-21,2025-05-26,FALSE,FALSE,FALSE,O+L,H,1,19,NA,NA,20,NA
2025-0877,406-6,406,6,Pavement,26,2,1,NA,2025-05-21,2025-05-26,FALSE,FALSE,FALSE,O,H,NA,NA,0,NA,14,NA
2025-0878,428-7,428,7,Wall,26,3,1,NA,2025-05-21,2025-05-26,FALSE,FALSE,FALSE,O,H,NA,NA,0,NA,20,NA
2025-0879,489-12,489,12,Wall,26,4,1,NA,2025-05-21,2025-05-26,FALSE,FALSE,FALSE,O,H,NA,NA,0,NA,22,NA
2025-0880,191-3,191,3,Pavement,26,5,1,2025-06-21,2025-05-21,2025-05-26,FALSE,FALSE,FALSE,O+L,H,1,23,NA,NA,8,NA
2025-0881,159-16,159,16,Tree Bed,26,6,1,NA,2025-05-21,2025-05-26,FALSE,FALSE,FALSE,O,H,NA,NA,0,NA,16,NA
2025-0882,232-12,232,12,Tree Bed,26,7,1,NA,2025-05-21,2025-05-26,FALSE,FALSE,FALSE,O,H,NA,NA,0,NA,19,NA
2025-0883,463-4,463,4,Grass,26,1,2,2025-06-19,2025-05-21,2025-05-26,FALSE,FALSE,FALSE,O,H,1,20,0,NA,9,NA
2025-0884,27-9,27,9,Wall,26,2,2,NA,2025-05-21,2025-05-26,FALSE,FALSE,FALSE,O,H,NA,NA,0,NA,20,NA
2025-0885,472-3,472,3,Wall,26,3,2,NA,2025-05-21,2025-05-26,TRUE,TRUE,TRUE,NA,NA,NA,NA,NA,NA,18,NA
2025-0886,159-12,159,12,Tree Bed,26,4,2,NA,2025-05-21,2025-05-26,FALSE,FALSE,FALSE,O,H,NA,NA,0,NA,16,NA
2025-0887,168-6,168,6,Tree Bed,26,5,2,NA,2025-05-21,2025-05-26,TRUE,TRUE,TRUE,NA,NA,NA,NA,NA,NA,20,"Germinated later, but too small for leaf morphology determining"
2025-0888,479-17,479,17,Wall,26,6,2,NA,2025-05-21,2025-05-26,FALSE,FALSE,FALSE,O,H,NA,NA,0,NA,18,NA
2025-0889,203-4,203,4,Pavement,26,7,2,NA,2025-05-21,2025-05-26,FALSE,FALSE,FALSE,O,H,NA,NA,0,NA,11,NA
2025-0890,159-10,159,10,Tree Bed,26,1,3,NA,2025-05-21,2025-05-26,FALSE,FALSE,FALSE,O,H,NA,NA,0,NA,16,NA
2025-0891,468-10,468,10,Pavement,26,2,3,2025-06-27,2025-05-21,2025-05-26,FALSE,FALSE,FALSE,O+L,H,1,14,NA,NA,14,NA
2025-0892,474-19,474,19,Wall,26,3,3,NA,2025-05-21,2025-05-26,FALSE,FALSE,FALSE,O,WS,NA,NA,0,NA,21,NA
2025-0893,34-12,34,12,Grass,26,4,3,NA,2025-05-21,2025-05-26,FALSE,FALSE,FALSE,O,H,NA,NA,0,NA,15,NA
2025-0894,344-4,344,4,Pavement,26,5,3,NA,2025-05-21,2025-05-26,FALSE,FALSE,FALSE,O,H,NA,NA,0,NA,19,NA
2025-0895,168-14,168,14,Tree Bed,26,6,3,NA,2025-05-21,2025-05-26,FALSE,FALSE,FALSE,O,H,NA,NA,0,NA,20,NA
2025-0896,468-17,468,17,Pavement,26,7,3,NA,2025-05-21,2025-05-26,FALSE,FALSE,FALSE,O,H,NA,NA,0,NA,14,NA
2025-0897,451-10,451,10,Pavement,26,1,4,NA,2025-05-21,2025-05-26,FALSE,FALSE,FALSE,O,H,NA,NA,0,NA,15,NA
2025-0898,180-2,180,2,Tree Bed,26,2,4,NA,2025-05-21,2025-05-26,FALSE,FALSE,FALSE,O,H,NA,NA,0,NA,10,NA
2025-0899,310-11,310,11,Tree Bed,26,3,4,NA,2025-05-21,2025-05-26,FALSE,FALSE,FALSE,O,H,NA,NA,0,NA,33,NA
2025-0900,468-8,468,8,Pavement,26,4,4,NA,2025-05-21,2025-05-26,FALSE,FALSE,FALSE,O,H,NA,NA,0,NA,14,NA
2025-0901,159-11,159,11,Tree Bed,26,5,4,NA,2025-05-21,2025-05-26,FALSE,FALSE,FALSE,O,H,NA,NA,0,NA,16,NA
2025-0902,263-12,263,12,Tree Bed,26,6,4,NA,2025-05-21,2025-05-26,FALSE,FALSE,FALSE,O,H,NA,NA,0,NA,20,NA
2025-0903,384-1,384,1,Grass,26,7,4,2025-06-21,2025-05-21,2025-05-26,FALSE,FALSE,FALSE,O,H,1,25,0,NA,16,NA
2025-0904,450-1,450,1,Grass,26,1,5,NA,2025-05-21,2025-05-26,TRUE,FALSE,FALSE,O,H,NA,NA,0,NA,4,NA
2025-0905,487-16,487,16,Wall,26,2,5,2025-06-28,2025-05-21,2025-05-26,FALSE,FALSE,FALSE,O,H,1,8,0,NA,19,NA
2025-0906,458-9,458,9,Pavement,26,3,5,2025-07-04,2025-05-21,2025-05-26,FALSE,FALSE,FALSE,O,H,1,1,0,NA,19,NA
2025-0907,122-6,122,6,Pavement,26,4,5,NA,2025-05-21,2025-05-26,FALSE,FALSE,FALSE,O,H,NA,NA,0,NA,20,NA
2025-0908,344-9,344,9,Pavement,26,5,5,NA,2025-05-21,2025-05-26,FALSE,FALSE,FALSE,O,H,NA,NA,0,NA,19,NA
2025-0909,480-5,480,5,Wall,26,6,5,NA,2025-05-21,2025-05-26,FALSE,FALSE,FALSE,O,H,NA,NA,0,NA,14,NA
2025-0910,104-8,104,8,Pavement,26,7,5,NA,2025-05-21,2025-05-26,FALSE,FALSE,FALSE,O,H,NA,NA,0,NA,14,NA
2025-0911,344-2,344,2,Pavement,27,1,1,NA,2025-05-23,2025-05-28,FALSE,FALSE,FALSE,O,H,NA,NA,0,NA,19,NA
2025-0912,409-2,409,2,Pavement,27,2,1,NA,2025-05-23,2025-05-28,FALSE,FALSE,FALSE,O+L,H,NA,NA,NA,NA,7,NA
2025-0913,405-6,405,6,Pavement,27,3,1,2025-06-25,2025-05-23,2025-05-28,FALSE,FALSE,FALSE,O+L,H,1,22,NA,NA,21,NA
2025-0914,474-20,474,20,Wall,27,4,1,NA,2025-05-23,2025-05-28,FALSE,FALSE,FALSE,O,H,NA,NA,0,NA,21,NA
2025-0915,41-6,41,6,Grass,27,5,1,NA,2025-05-23,2025-05-28,FALSE,FALSE,FALSE,O,H,NA,NA,0,NA,15,NA
2025-0916,167-4,167,4,Tree Bed,27,6,1,2025-06-28,2025-05-23,2025-05-28,FALSE,FALSE,FALSE,O+L,H,1,6,NA,NA,4,Flowering
2025-0917,345-5,345,5,Pavement,27,7,1,NA,2025-05-23,2025-05-28,FALSE,FALSE,FALSE,O,H,NA,NA,0,NA,14,NA
2025-0918,27-13,27,13,Wall,27,1,2,2025-06-19,2025-05-23,2025-05-28,FALSE,FALSE,FALSE,O+L,H,1,25,NA,NA,20,NA
2025-0919,463-11,463,11,Grass,27,2,2,NA,2025-05-23,2025-05-28,FALSE,FALSE,FALSE,L,H,NA,NA,1,NA,9,NA
2025-0920,105-2,105,2,Pavement,27,3,2,NA,2025-05-23,2025-05-28,FALSE,FALSE,FALSE,O,H,NA,NA,0,NA,12,NA
2025-0921,494-2,494,2,Wall,27,4,2,NA,2025-05-23,2025-05-28,FALSE,FALSE,FALSE,O,H,NA,NA,0,NA,12,NA
2025-0922,120-1,120,1,Pavement,27,5,2,2025-06-23,2025-05-23,2025-05-28,FALSE,FALSE,FALSE,O+L,H,1,18,NA,NA,5,NA
2025-0923,407-4,407,4,Pavement,27,6,2,2025-06-25,2025-05-23,2025-05-28,FALSE,FALSE,FALSE,O+L,H,1,18,NA,NA,19,NA
2025-0924,466-5,466,5,Pavement,27,7,2,NA,2025-05-23,2025-05-28,FALSE,FALSE,FALSE,O,H,NA,NA,0,NA,20,NA
2025-0925,161-2,161,2,Tree Bed,27,1,3,NA,2025-05-23,2025-05-28,FALSE,FALSE,FALSE,O,H,NA,NA,0,NA,4,NA
2025-0926,49-16,49,16,Grass,27,2,3,NA,2025-05-23,2025-05-28,FALSE,FALSE,FALSE,O,H,NA,NA,0,NA,20,NA
2025-0927,263-14,263,14,Tree Bed,27,3,3,NA,2025-05-23,2025-05-28,FALSE,FALSE,FALSE,OL,H,NA,NA,NA,NA,20,NA
2025-0928,232-3,232,3,Tree Bed,27,4,3,2025-06-19,2025-05-23,2025-05-28,FALSE,FALSE,FALSE,O+L,H,1,16,NA,NA,19,NA
2025-0929,184-20,184,20,Tree Bed,27,5,3,NA,2025-05-23,2025-05-28,FALSE,FALSE,FALSE,O,H,NA,NA,0,NA,19,NA
2025-0930,448-15,448,15,Grass,27,6,3,NA,2025-05-23,2025-05-28,FALSE,FALSE,FALSE,O,H,NA,NA,0,NA,18,NA
2025-0931,1-13,1,13,Wall,27,7,3,NA,2025-05-23,2025-05-28,TRUE,TRUE,TRUE,NA,NA,NA,NA,NA,NA,13,NA
2025-0932,489-10,489,10,Wall,27,1,4,NA,2025-05-23,2025-05-28,FALSE,FALSE,FALSE,O,H,NA,NA,0,NA,22,NA
2025-0933,232-18,232,18,Tree Bed,27,2,4,2025-06-24,2025-05-23,2025-05-28,FALSE,FALSE,FALSE,O+L,H,1,18,NA,NA,19,NA
2025-0934,213-3,213,3,Pavement,27,3,4,NA,2025-05-23,2025-05-28,FALSE,FALSE,FALSE,O,H,NA,NA,0,NA,4,NA
2025-0935,184-16,184,16,Tree Bed,27,4,4,NA,2025-05-23,2025-05-28,FALSE,FALSE,FALSE,O,H,NA,NA,0,NA,19,NA
2025-0936,469-1,469,1,Pavement,27,5,4,NA,2025-05-23,2025-05-28,FALSE,FALSE,FALSE,O,H,NA,NA,0,NA,4,NA
2025-0937,172-8,172,8,Tree Bed,27,6,4,2025-06-20,2025-05-23,2025-05-28,FALSE,FALSE,FALSE,O+L,H,1,25,NA,NA,15,NA
2025-0938,187-4,187,4,Pavement,27,7,4,2025-06-21,2025-05-23,2025-05-28,FALSE,FALSE,FALSE,O+L,H,1,24,NA,NA,5,NA
2025-0939,191-8,191,8,Pavement,27,1,5,NA,2025-05-23,2025-05-28,FALSE,FALSE,FALSE,O,H,NA,NA,0,NA,8,NA
2025-0940,156-11,156,11,Pavement,27,2,5,NA,2025-05-23,2025-05-28,TRUE,TRUE,TRUE,NA,NA,NA,NA,NA,NA,17,NA
2025-0941,49-17,49,17,Grass,27,3,5,NA,2025-05-23,2025-05-28,FALSE,FALSE,FALSE,O,H,NA,NA,0,NA,20,NA
2025-0942,29-8,29,8,Wall,27,4,5,NA,2025-05-23,2025-05-28,FALSE,FALSE,FALSE,O,H,NA,NA,0,NA,8,NA
2025-0943,407-1,407,1,Pavement,27,5,5,2025-06-21,2025-05-23,2025-05-28,FALSE,FALSE,FALSE,O+L,H,1,23,NA,NA,19,NA
2025-0944,104-17,104,17,Pavement,27,6,5,NA,2025-05-23,2025-05-28,FALSE,FALSE,FALSE,O,H,NA,NA,0,NA,14,NA
2025-0945,483-4,483,4,Wall,27,7,5,NA,2025-05-23,2025-05-28,FALSE,FALSE,FALSE,O,H,NA,NA,0,NA,20,NA
2025-0946,308-12,308,12,Tree Bed,28,1,1,NA,2025-05-22,2025-05-27,FALSE,FALSE,FALSE,O,H,NA,NA,0,NA,15,NA
2025-0947,104-16,104,16,Pavement,28,2,1,NA,2025-05-22,2025-05-27,FALSE,FALSE,FALSE,O,H,NA,NA,0,NA,14,NA
2025-0948,169-16,169,16,Tree Bed,28,3,1,NA,2025-05-22,2025-05-27,FALSE,FALSE,FALSE,O,H,NA,NA,0,NA,20,NA
2025-0949,24-11,24,11,Wall,28,1,2,NA,2025-05-22,2025-05-27,TRUE,TRUE,TRUE,NA,NA,NA,NA,NA,NA,20,NA
2025-0950,168-1,168,1,Tree Bed,28,2,2,NA,2025-05-22,2025-05-27,FALSE,FALSE,FALSE,O,H,NA,NA,0,NA,20,NA
2025-0951,342-11,342,11,Pavement,28,3,2,NA,2025-05-22,2025-05-27,FALSE,FALSE,FALSE,O,H,NA,NA,0,NA,18,NA
2025-0952,27-5,27,5,Wall,28,1,3,NA,2025-05-22,2025-05-27,FALSE,FALSE,FALSE,O,H,NA,NA,0,NA,20,NA
2025-0953,191-7,191,7,Pavement,28,2,3,NA,2025-05-22,2025-05-27,TRUE,TRUE,TRUE,NA,NA,NA,NA,NA,NA,8,NA
2025-0954,106-3,106,3,Pavement,28,3,3,2025-06-21,2025-05-22,2025-05-27,FALSE,FALSE,FALSE,O,H,1,18,0,NA,4,NA
2025-0955,263-20,263,20,Tree Bed,28,1,4,NA,2025-05-22,2025-05-27,FALSE,FALSE,FALSE,O+L,H,NA,NA,NA,NA,20,NA
2025-0956,489-13,489,13,Wall,28,2,4,2025-06-21,2025-05-22,2025-05-27,FALSE,FALSE,FALSE,O,H,NA,NA,0,NA,22,NA
2025-0957,438-5,438,5,Wall,28,1,5,NA,2025-05-22,2025-05-27,FALSE,FALSE,FALSE,O,H,NA,NA,0,NA,14,NA
2025-0958,483-16,483,16,Wall,28,2,5,NA,2025-05-22,2025-05-27,FALSE,FALSE,FALSE,O,H,1,18,0,NA,20,NA
