ID,Leaf_shape,Leaf_edge,n_shoot_axis,Tray,Row,Column,Comments
494-18,L,G,6,1,1,1,
494-19,Na,Na,Na,1,1,2,Diff spec.
472-5,Na,Na,4,1,1,3,
472-6,Na,Na,5,1,1,4,
494-20,O,G,1,1,1,5,
494-13,L,S,5,1,1,6,
495-1,Na,Na,4,1,2,1,
495-2,Na,Na,1,1,2,2,May not produce seeds
472-1,L,G,4,1,2,3,
494-14,O,G,4,1,2,4,
494-7,Na,Na,1,1,2,5,May not produce seeds
494-6,Na,Na,5,1,2,6,
494-15,O,G,6,1,3,1,
494-16,Na,Na,Na,1,3,2,Diff spec.
494-17,Na,Na,1,1,3,3,Diff spec?
494-9,L,S,7,1,3,4,
494-2,O,S,7,1,3,5,
494-3,L,S,7,1,3,6,
494-4,Na,Na,6,1,4,1,
494-12,L,S,8,1,4,2,
493-1,Na,S,1,1,4,3,
491-21,O,G,6,1,4,4,
492-2,Na,Na,6,1,4,5,
Na,L,S,6,1,4,6,No label
491-10,O,G,7,1,5,1,
494-1,L,Na,5,1,5,2,
491-11,O,G,4,1,5,3,
491-18,O,G,3,1,5,4,
491-20,O,G,4,1,5,5,
494-10,Na,Na,5,1,5,6,
489-14,L,S,5,1,6,1,
488-12,L,S,3,1,6,2,
488-13,Na,Na,5,1,6,3,
488-3,L,S,5,1,6,4,
488-4,Na,Na,1,1,6,5,
488-5,O,G,6,1,6,6,
490-2,O,S,6,1,7,1,
491-1,O,G,4,1,7,2,
491-2,O,G,5,1,7,3,
491-3,Na,Na,4,1,7,4,
491-4,Na,Na,Na,1,7,5,Spec unclear; about 3 mm tall
491-8,L,S,3,1,7,6,
491-9,O,G,6,1,8,1,
491-6,O,G,5,1,8,2,
491-5,O,G,3,1,8,3,
491-15,O,G,6,1,8,4,
491-13,O,G,4,1,8,5,
491-7,O,G,6,1,8,6,
489-15,L,S,2,2,1,1,
489-16,O,G,5,2,1,2,
489-18,O,G,4,2,1,3,
489-17,O,G,4,2,1,4,
489-19,O,G,5,2,1,5,
489-20,O,G,4,2,1,6,
489-4,L,G,6,2,2,1,
489-5,L,G,5,2,2,2,
489-7,L,G,4,2,2,3,
489-6,O,G,5,2,2,4,
489-10,O,G,4,2,2,5,
489-8,O,G,4,2,2,6,
489-9,O,G,5,2,3,1,
488-20,L,S,6,2,3,2,
488-21,O,S,5,2,3,3,
489-12,Na,Na,4,2,3,4,
489-1,L,G,4,2,3,5,
489-2,L,G,6,2,3,6,
488-14,O,S,5,2,4,1,
489-3,O,S,6,2,4,2,
489-11,O,G,5,2,4,3,
488-15,L,G,3,2,4,4,
488-16,O,S,4,2,4,5,
489-13,O,G,5,2,4,6,
488-17,O,S,4,2,5,1,
488-18,O,G,4,2,5,2,
488-9,O,G,5,2,5,3,
488-19,Na,Na,Na,2,5,4,
488-10,O,G,3,2,5,5,
488-11,O,S,6,2,5,6,
489-14,L,S,5,2,6,1,
488-12,O,G,4,2,6,2,
488-13,O,G,3,2,6,3,
488-3,L,S,4,2,6,4,
488-4,O,G,5,2,6,5,
488-5,O,G,3,2,6,6,
488-6,O,S,5,2,7,1,
488-7,O,S,6,2,7,2,
488-8,O,G,5,2,7,3,
487-18,O,G,4,2,7,4,
487-19,O,G,4,2,7,5,
487-12,O,G,4,2,7,6,
487-20,O,G,3,2,8,1,
488-1,Na,Na,6,2,8,2,
488-2,L,G,3,2,8,3,
487-13,Na,Na,3,2,8,4,
487-14,L,G,4,2,8,5,
487-15,O,G,4,2,8,6,
487-16,O,G,4,3,1,1,
487-17,O,G,4,3,1,2,
487-7,Na,Na,6,3,1,3,
487-8,L,G,3,3,1,4,
487-9,O,G,3,3,1,5,
487-10,Na,Na,Na,3,1,6,
487-11,L,G,4,3,2,1,
487-1,O,G,4,3,2,2,
487-2,O,G,3,3,2,3,
487-3,O,G,6,3,2,4,
487-4,O,G,5,3,2,5,
487-6,L,G,5,3,2,6,
487-5,O,G,4,3,3,1,
472-7,Na,Na,5,3,3,2,
472-2,L,G,4,3,3,3,
472-8,L,G,5,3,3,4,
472-9,Na,Na,5,3,3,5,
472-10,O,G,6,3,3,6,
472-11,O,G,4,3,4,1,
472-12,L,G,5,3,4,2,
472-3,O,G,4,3,4,3,
472-4,O,G,5,3,4,4,
491-17,Na,Na,1,3,4,5,Smaller in size
491-19,O,G,6,3,4,6,
491-14,L,S,6,3,5,1,
477-15,Na,S,5,3,5,2,
492-1,L,G,4,3,5,3,
477-16,O,G,9,3,5,4,
477-18,O,G,4,3,5,5,
477-19,O,G,3,3,5,6,
477-12,O,G,3,3,6,1,
477-17,O,G,4,3,6,2,
477-20,O,G,6,3,6,3,
477-11,O,G,5,3,6,4,
477-10,O,G,2,3,6,5,
477-13,O,G,5,3,6,6,
476-7,O,G,5,3,7,1,
477-8,L,S,3,3,7,2,
472-13,Na,Na,Na,3,7,3,
474-4,Na,Na,6,3,7,4,
472-17,L,Na,6,3,7,5,
472-14,L,Na,5,3,7,6,
477-14,Na,Na,3,3,8,1,
477-4,L,Na,Na,3,8,2,Diff spec or mutant
477-5,Na,Na,7,3,8,3,
477-6,L,S,4,3,8,4,
477-7,O,G,3,3,8,5,
476-6,O,G,6,3,8,6,
480-1,Na,Na,4,4,1,1,
480-2,Na,Na,3,4,1,2,
480-3,L,Na,2,4,1,3,
480-4,L,Na,3,4,1,4,
479-14,L,S,2,4,1,5,
479-15,L,S,1,4,1,6,One big Spross
479-16,L,S,3,4,2,1,
479-17,L,Na,9,4,2,2,
479-18,Na,Na,2,4,2,3,
472-15,O,G,6,4,2,4,
472-16,L,S,5,4,2,5,
472-18,L,Na,4,4,2,6,
481-1,O,G,6,4,3,1,
474-11,O,Na,5,4,3,2,
481-2,O,G,3,4,3,3,
481-3,O,G,3,4,3,4,
481-4,Na,S,4,4,3,5,
481-5,O,G,3,4,3,6,
481-6,Na,Na,4,4,4,1,"Leafs shaped roundish, but ""pushed"" sideways"
480-5,Na,Na,4,4,4,2,
480-13,Na,Na,4,4,4,3,
480-12,Na,Na,3,4,4,4,
480-11,Na,Na,4,4,4,5,
480-14,Na,Na,4,4,4,6,
480-15,Na,Na,7,4,5,1,
479-20,Na,Na,5,4,5,2,Not A_tha
480-10,Na,Na,1,4,5,3,
480-9,Na,Na,3,4,5,4,
480-8,O,G,5,4,5,5,
480-7,Na,Na,4,4,5,6,
480-6,Na,Na,4,4,6,1,
484-9,Na,Na,5,4,6,2,
484-10,O,G,5,4,6,3,
484-11,Na,Na,4,4,6,4,
484-12,O,G,5,4,6,5,
484-13,O,G,4,4,6,6,
484-3,Na,Na,4,4,7,1,
484-4,Na,Na,5,4,7,2,
484-5,Na,Na,3,4,7,3,
484-6,Na,Na,6,4,7,4,
483-17,O,G,5,4,7,5,
484-7,O,S,3,4,7,6,
483-18,O,G,3,4,8,1,
483-19,L,Na,3,4,8,2,
483-20,O,G,3,4,8,3,
484-1,Na,Na,Na,4,8,4,Not thaliana
484-2,Na,Na,6,4,8,5,
483-12,O,G,2,4,8,6,
483-13,L,G,4,5,1,1,
483-14,L,G,2,5,1,2,
483-15,Na,Na,4,5,1,3,
483-16,Na,Na,2,5,1,4,
483-6,Na,Na,4,5,1,5,
483-7,Na,Na,2,5,1,6,
483-8,O,S,6,5,2,1,
483-9,O,G,6,5,2,2,
483-10,Na,Na,4,5,2,3,
483-11,Na,Na,2,5,2,4,
483-1,O,G,6,5,2,5,
483-2,Na,Na,4,5,2,6,
483-3,L,G,5,5,3,1,
483-4,O,G,3,5,3,2,
483-5,O,S,6,5,3,3,
482-13,L,S,5,5,3,4,
482-14,O,S,5,5,3,5,
482-15,Na,Na,5,5,3,6,
428-7,O,G,3,5,4,1,
428-8,O,G,3,5,4,2,
428-17,O,G,1,5,4,3,
428-9,O,S,4,5,4,4,
428-10,O,G,4,5,4,5,
428-11,O,G,4,5,4,6,
428-12,L,G,5,5,5,1,
428-2,L,G,4,5,5,2,
428-3,O,G,2,5,5,3,
428-4,Na,Na,4,5,5,4,
428-5,L,G,3,5,5,5,
428-6,O,G,6,5,5,6,
424-3,O,G,5,5,6,1,
424-4,O,G,5,5,6,2,
426-1,Na,Na,1,5,6,3,Super small
427-1,Na,G,4,5,6,4,
427-2,Na,Na,4,5,6,5,
486-19,O,G,3,5,6,6,
428-1,L,G,5,5,7,1,
486-17,O,G,3,5,7,2,
486-18,O,G,3,5,7,3,
424-1,O,G,3,5,7,4,
486-11,Na,Na,1,5,7,5,
424-2,Na,Na,4,5,7,6,
486-13,L,Na,5,5,8,1,
486-14,L,G,3,5,8,2,
486-15,Na,G,5,5,8,3,
486-12,Na,Na,4,5,8,4,
486-16,Na,Na,1,5,8,5,Might not produce silique
486-6,O,G,4,5,8,6,
486-7,Na,Na,1,6,1,1,
486-8,Na,Na,5,6,1,2,
486-9,O,G,2,6,1,3,
486-10,O,G,2,6,1,4,
485-3,Na,Na,4,6,1,5,
477-9,O,G,4,6,1,6,
477-1,Na,Na,5,6,2,1,
477-2,Na,Na,5,6,2,2,
477-3,Na,Na,5,6,2,3,
475-6,Na,Na,Na,6,2,4,
476-1,L,G,5,6,2,5,
476-2,O,G,4,6,2,6,
476-3,L,Na,2,6,3,1,
476-4,Na,Na,3,6,3,2,
476-5,Na,G,4,6,3,3,
475-1,Na,Na,5,6,3,4,
475-2,Na,Na,1,6,3,5,
475-3,Na,Na,Na,6,3,6,Different species
475-4,Na,Na,4,6,4,1,
475-5,Na,Na,2,6,4,2,
474-15,O,G,5,6,4,3,
474-16,O,G,5,6,4,4,
474-17,O,G,8,6,4,5,
474-18,O,G,5,6,4,6,
474-19,O,G,5,6,5,1,
474-20,O,G,3,6,5,2,
474-12,Na,Na,3,6,5,3,
474-13,Na,Na,6,6,5,4,
474-14,O,G,4,6,5,5,
474-10,Na,Na,1,6,5,6,
474-5,Na,Na,6,6,6,1,
474-6,Na,Na,4,6,6,2,
474-7,Na,Na,5,6,6,3,
474-8,O,G,6,6,6,4,
472-19,O,G,4,6,6,5,
472-20,O,G,4,6,6,6,
474-1,O,G,7,6,7,1,
474-2,O,G,5,6,7,2,
474-3,L,G,5,6,7,3,
474-9,Na,G,5,6,7,4,
489-9,Na,Na,5,6,7,5,
479-10,Na,Na,1,6,7,6,
439-6,O,G,2,6,8,1,
439-7,O,G,4,6,8,2,
439-8,O,G,4,6,8,3,
438-13,O,G,5,6,8,4,
438-14,Na,Na,4,6,8,5,
479-11,Na,Na,3,6,8,6,
478-12,O,G,4,7,1,1,
478-13,O,G,6,7,1,2,
479-1,L,Na,3,7,1,3,
479-2,O,G,4,7,1,4,
478-14,O,G,4,7,1,5,
478-15,Na,Na,5,7,1,6,
479-6,Na,Na,3,7,2,1,
479-7,Na,Na,2,7,2,2,
479-8,Na,Na,3,7,2,3,
478-18,O,G,2,7,2,4,
478-19,O,G,2,7,2,5,
478-20,O,G,3,7,2,6,
479-13,Na,Na,4,7,3,1,
479-3,Na,Na,3,7,3,2,
479-12,Na,Na,1,7,3,3,diff spec.
479-19,Na,Na,2,7,3,4,
479-4,L,Na,1,7,3,5,
479-5,O,S,2,7,3,6,
438-15,O,G,4,7,4,1,
438-2,O,G,5,7,4,2,
439-1,O,G,2,7,4,3,
439-2,O,G,4,7,4,4,
439-3,O,G,4,7,4,5,
438-8,O,G,6,7,4,6,
438-6,O,G,4,7,5,1,
438-7,O,G,6,7,5,2,
438-9,Na,Na,Na,7,5,3,
438-10,O,G,4,7,5,4,
438-11,O,G,4,7,5,5,
438-12,O,G,4,7,5,6,
433-17,O,G,4,7,6,1,
433-18,O,G,3,7,6,2,
433-19,O,G,2,7,6,3,
438-3,O,G,5,7,6,4,
438-4,L,S,5,7,6,5,
438-5,Na,G,5,7,6,6,
433-10,O,G,5,7,7,1,
433-11,O,G,5,7,7,2,
433-12,O,G,3,7,7,3,
433-13,O,G,4,7,7,4,
438-1,O,G,5,7,7,5,
433-16,O,G,4,7,7,6,
433-5,O,G,5,7,8,1,
433-6,O,G,5,7,8,2,
433-7,O,G,4,7,8,3,
433-8,O,G,3,7,8,4,
433-15,O,G,3,7,8,5,
433-14,O,G,6,7,8,6,
429-4,L,G,4,8,1,1,
429-5,O,G,5,8,1,2,
433-1,Na,Na,Na,8,1,3,
433-2,O,G,5,8,1,4,
433-3,O,G,4,8,1,5,
433-4,O,G,3,8,1,6,
433-9,O,G,5,8,2,1,
478-16,O,G,6,8,2,2,
478-17,O,G,2,8,2,3,
478-7,O,G,4,8,2,4,
478-8,L,S,5,8,2,5,
478-9,O,G,4,8,2,6,
478-10,L,S,7,8,3,1,Diff spec?
478-11,O,G,4,8,3,2,
478-1,Na,Na,2,8,3,3,
478-2,O,G,4,8,3,4,
474-4,L,S,4,8,3,5,
478-3,O,G,4,8,3,6,
478-5,O,G,4,8,4,1,
478-6,O,G,3,8,4,2,
484-8,O,G,4,8,4,3,
482-16,O,G,4,8,4,4,
482-17,O,G,5,8,4,5,
482-8,L,S,4,8,4,6,
482-18,O,G,4,8,5,1,
482-9,L,G,3,8,5,2,
482-10,L,G,3,8,5,3,
482-11,O,G,5,8,5,4,
482-12,O,G,3,8,5,5,
482-2,L,S,4,8,5,6,
482-3,O,G,5,8,6,1,
482-4,O,G,4,8,6,2,
482-5,Na,Na,Na,8,6,3,Diff spec.
482-6,O,G,3,8,6,4,
482-7,L,G,3,8,6,5,
481-13,O,G,5,8,6,6,
481-14,O,G,3,8,7,1,
481-15,O,G,5,8,7,2,
481-16,O,G,4,8,7,3,
482-1,L,S,5,8,7,4,
481-7,O,G,3,8,7,5,
481-8,O,G,3,8,7,6,
481-9,O,G,5,8,8,1,
481-10,O,G,3,8,8,2,
481-11,O,G,5,8,8,3,
481-12,O,G,4,8,8,4,
428-18,O,G,5,8,8,5,
428-19,L,G,5,8,8,6,
444-4,L,G,1,9,1,1,
459-1,O,G,4,9,1,2,
459-7,O,G,5,9,1,3,
459-6,O,G,5,9,1,4,
444-3,O,G,1,9,1,5,
459-5,Na,Na,3,9,1,6,
459-16,O,G,4,9,2,1,
460-1,O,G,5,9,2,2,
459-12,O,G,5,9,2,3,
459-13,Na,Na,Na,9,2,4,Diff spec
459-10,O,G,3,9,2,5,
459-11,O,G,3,9,2,6,
462-2,O,G,4,9,3,1,
462-3,O,G,3,9,3,2,
460-3,L,S,5,9,3,3,
462-1,O,G,5,9,3,4,
460-2,O,S,4,9,3,5,
463-4,O,G,3,9,3,6,
463-3,O,G,3,9,4,1,
463-2,O,G,3,9,4,2,
462-5,O,G,4,9,4,3,
463-1,Na,Na,Na,9,4,4,
462-4,O,G,5,9,4,5,
463-5,Na,Na,Na,9,4,6,
463-8,O,G,3,9,5,1,
463-9,O,G,3,9,5,2,
463-6,O,G,4,9,5,3,
463-7,O,G,3,9,5,4,
465-3,L,G,4,9,5,5,
465-4,L,G,7,9,5,6,
465-1,Na,Na,Na,9,6,1,Diff spec
465-2,Na,Na,Na,9,6,2,Diff spec
463-10,O,G,4,9,6,3,
463-11,O,G,3,9,6,4,
466-4,L,S,6,9,6,5,
466-5,L,S,4,9,6,6,
466-3,L,S,1,9,7,1,
466-11,L,S,5,9,7,2,
466-2,O,G,4,9,7,3,
466-10,L,S,4,9,7,4,
466-1,L,G,2,9,7,5,
466-9,L,G,4,9,7,6,
466-8,L,S,6,9,8,1,
466-16,L,S,5,9,8,2,
466-14,L,S,4,9,8,3,
466-15,Na,Na,3,9,8,4,
466-7,L,Na,5,9,8,5,
468-1,Na,Na,1,9,8,6,Really small
429-3,Na,Na,5,10,1,1,
428-13,L,G,3,10,1,2,
428-20,O,G,5,10,1,3,
429-1,L,G,6,10,1,4,
429-2,L,G,4,10,1,5,
428-14,O,G,5,10,1,6,
428-15,O,G,4,10,2,1,
428-16,L,G,7,10,2,2,
486-1,O,G,4,10,2,3,
486-2,L,S,3,10,2,4,
486-3,L,G,4,10,2,5,
486-4,L,G,4,10,2,6,
484-20,O,G,3,10,3,1,
486-5,O,G,4,10,3,2,
484-21,O,G,5,10,3,3,
484-22,O,G,3,10,3,4,
485-1,L,G,3,10,3,5,
485-2,L,G,4,10,3,6,
484-14,Na,Na,3,10,4,1,
484-15,Na,Na,5,10,4,2,
484-16,O,G,6,10,4,3,
484-17,L,G,4,10,4,4,
484-19,O,G,3,10,4,5,
484-18,L,Na,2,10,4,6,
442-1,O,G,5,10,5,1,
442-2,O,G,5,10,5,2,
442-3,O,G,6,10,5,3,
442-4,Na,Na,Na,10,5,4,
444-1,L,S,1,10,5,5,
444-2,L,Na,4,10,5,6,
439-15,O,G,4,10,6,1,
441-1,O,G,5,10,6,2,
441-2,Na,Na,3,10,6,3,
441-3,O,G,3,10,6,4,
441-4,O,G,3,10,6,5,
439-9,O,G,5,10,6,6,
439-10,O,G,5,10,7,1,
439-11,O,G,2,10,7,2,
439-12,O,Na,3,10,7,3,
439-13,Na,Na,2,10,7,4,
439-4,Na,Na,4,10,7,5,
439-14,Na,Na,3,10,7,6,
439-5,O,G,5,10,8,1,
459-4,L,S,5,10,8,2,
459-3,Na,Na,5,10,8,3,
459-2,L,S,6,10,8,4,
459-9,O,G,4,10,8,5,
459-8,O,G,3,10,8,6,
466-6,o,g,4,11,1,1,
466-12,na,na,6,11,1,2,
466-13,Na,Na,4,11,1,3,
466-21,Na,Na,Na,11,1,4,
466-20,o,g,4,11,1,5,
466-19,o,g,6,11,1,6,
466-18,o,g,4,11,2,1,
466-17,n,n,5,11,2,2,
468-2,Na,Na,Na,11,2,3,
468-8,o,g,4,11,2,4,
468-13,n,n,3,11,2,5,
468-3,n,n,4,11,2,6,
468-9,n,n,4,11,3,1,
468-4,n,n,5,11,3,2,
469-2,n,n,6,11,3,3,
468-14,o,g,8,11,3,4,
470-3,n,n,1,11,3,5,
468-5,n,n,4,11,3,6,
468-10,o,g,4,11,4,1,
469-3,n,g,4,11,4,2,
468-15,n,n,1,11,4,3,
470-4,o,g,3,11,4,4,
468-6,o,g,4,11,4,5,
447-1,o,g,5,11,4,6,
471-5,Na,Na,Na,11,5,1,
468-16,o,g,3,11,5,2,
468-11,n,n,4,11,5,3,
471-1,n,n,5,11,5,4,
469-4,Na,Na,Na,11,5,5,
447-2,n,g,6,11,5,6,
471-6,Na,Na,Na,11,6,1,
447-7,Na,Na,Na,11,6,2,
471-7,n,n,5,11,6,3,
448-2,o,g,5,11,6,4,
447-3,n,n,7,11,6,5,
447-8,n,n,7,11,6,6,
448-8,o,g,6,11,7,1,
448-3,l,g,5,11,7,2,
471-2,n,n,5,11,7,3,
470-1,Na,Na,Na,11,7,4,
468-17,n,g,1,11,7,5,
468-12,n,n,1,11,7,6,
470-2,Na,Na,Na,11,8,1,
469-1,Na,Na,Na,11,8,2,
471-3,n,n,4,11,8,3,
468-7,n,n,3,11,8,4,
471-8,Na,Na,Na,11,8,5,Really small
471-4,n,n,1,11,8,6,
448-13,n,n,1,12,1,1,
448-14,l,g,4,12,1,2,
448-15,l,g,5,12,1,3,
448-16,n,n,1,12,1,4,
448-17,n,n,1,12,1,5,
448-18,n,n,1,12,1,6,
448-9,n,n,5,12,2,1,
448-4,l,n,5,12,2,2,
448-10,n,n,6,12,2,3,
448-11,o,g,2,12,2,4,
448-12,n,n,6,12,2,5,
448-7,n,n,5,12,2,6,
448-5,n,n,2,12,3,1,
448-6,n,n,5,12,3,2,
447-10,n,n,6,12,3,3,
448-1,n,n,1,12,3,4,
447-6,n,n,5,12,3,5,
447-9,n,n,5,12,3,6,
447-4,l,s,6,12,4,1,
447-5,o,g,4,12,4,2,
471-9,Na,Na,Na,12,4,3,
449-5,l,g,4,12,4,4,
449-6,n,n,4,12,4,5,
449-4,n,n,6,12,4,6,
449-11,n,n,4,12,5,1,
449-3,n,n,6,12,5,2,
449-10,n,n,5,12,5,3,
449-9,n,n,4,12,5,4,
449-17,n,g,4,12,5,5,
449-2,n,g,5,12,5,6,
449-1,n,n,4,12,6,1,
449-8,n,n,4,12,6,2,
449-7,n,n,4,12,6,3,
449-16,o,g,4,12,6,4,
449-15,l,n,2,12,6,5,
450-1,n,n,5,12,6,6,
449-13,o,g,6,12,7,1,
449-14,o,g,5,12,7,2,
449-12,n,n,5,12,7,3,
449-21,n,n,3,12,7,4,
449-19,n,n,5,12,7,5,
449-20,o,g,3,12,7,6,
451-2,l,g,4,12,8,1,
451-3,o,g,3,12,8,2,
449-18,l,g,3,12,8,3,
451-1,l,s,7,12,8,4,
450-3,l,g,7,12,8,5,
450-4,n,n,3,12,8,6,
451-8,o,g,6,13,1,1,
451-7,l,n,3,13,1,2,
450-2,o,g,6,13,1,3,
451-6,n,n,4,13,1,4,
451-5,n,n,4,13,1,5,
451-4,n,n,6,13,1,6,
451-14,n,n,6,13,2,1,
451-13,n,n,2,13,2,2,
451-12,n,n,10,13,2,3,
451-11,l,g,1,13,2,4,
451-10,n,n,6,13,2,5,
451-9,n,n,6,13,2,6,
452-3,l,n,5,13,3,1,
421-2,Na,Na,Na,13,3,2,
452-1,l,s,6,13,3,3,
451-16,Na,Na,Na,13,3,4,
451-15,n,n,4,13,3,5,
452-4,n,n,6,13,3,6,
452-9,o,g,5,13,4,1,
452-8,Na,Na,Na,13,4,2,
452-7,Na,Na,Na,13,4,3,
452-6,n,n,7,13,4,4,
452-5,Na,Na,Na,13,4,5,
453-1,l,n,4,13,4,6,
453-5,o,g,3,13,5,1,
453-4,o,n,5,13,5,2,
453-3,n,n,4,13,5,3,
453-2,o,g,6,13,5,4,
453-11,n,n,5,13,5,5,
453-10,n,n,4,13,5,6,
453-9,l,n,5,13,6,1,
453-8,o,g,6,13,6,2,
453-7,n,n,4,13,6,3,
453-6,n,n,6,13,6,4,
453-17,o,g,3,13,6,5,
453-16,l,g,5,13,6,6,
454-2,Na,Na,Na,13,7,1,
453-15,l,g,4,13,7,2,
453-16,o,g,5,13,7,3,
453-13,o,g,4,13,7,4,
454-1,Na,Na,Na,13,7,5,
453-12,l,s,4,13,7,6,
453-10,Na,Na,Na,13,8,1,
453-19,n,n,4,13,8,2,
454-8,o,g,4,13,8,3,
453-18,o,g,4,13,8,4,
454-7,Na,Na,Na,13,8,5,
454-6,Na,Na,Na,13,8,6,
456-4,n,n,2,14,1,1,
454-5,l,s,5,14,1,2,
458-4,Na,Na,Na,14,1,3,
456-3,l,n,4,14,1,4,
454-4,o,s,4,14,1,5,
454-3,l,n,4,14,1,6,
456-2,n,n,3,14,2,1,
456-1,l,n,5,14,2,2,
458-3,o,g,6,14,2,3,
454-9,Na,Na,Na,14,2,4,
458-2,n,n,3,14,2,5,
458-1,o,g,4,14,2,6,
456-6,l,s,6,14,3,1,
456-5,l,n,5,14,3,2,
458-9,o,g,4,14,3,3,
458-8,Na,Na,Na,14,3,4,
458-7,l,n,4,14,3,5,
458-6,l,n,5,14,3,6,
458-15,l,n,5,14,4,1,
458-5,l,n,4,14,4,2,
458-14,l,g,3,14,4,3,
458-13,Na,Na,Na,14,4,4,
458-12,l,n,4,14,4,5,
458-11,l,s,6,14,4,6,
458-10,n,n,4,14,5,1,
213-1,l,n,3,14,5,2,
458-19,o,g,4,14,5,3,
458-18,n,n,4,14,5,4,
458-17,l,g,2,14,5,5,
214-1,l,s,4,14,5,6,
213-6,Na,Na,Na,14,6,1,
232-10,o,g,5,14,6,2,
232-4,l,g,5,14,6,3,
232-9,l,g,5,14,6,4,
213-5,l,n,2,14,6,5,
232-3,o,g,2,14,6,6,
232-2,o,g,3,14,7,1,
232-8,n,g,4,14,7,2,
213-4,Na,Na,Na,14,7,3,
232-7,l,g,2,14,7,4,
232-1,l,g,4,14,7,5,
232-6,o,g,4,14,7,6,
213-3,n,n,2,14,8,1,
214-2,o,s,2,14,8,2,
458-16,n,n,2,14,8,3,
232-5,n,n,4,14,8,4,
213-2,l,g,4,14,8,5,
258-14,l,n,4,14,8,6,
258-13,n,n,3,15,1,1,
258-3,l,n,3,15,1,2,
233-18,o,n,4,15,1,3,
242-2,n,g,3,15,1,4,
255-4,l,g,5,15,1,5,
258-8,l,g,2,15,1,6,
258-2,n,s,1,15,2,1,
258-12,l,g,4,15,2,2,
258-1,o,g,1,15,2,3,
258-7,o,g,2,15,2,4,
241-3,n,n,1,15,2,5,
255-3,o,g,5,15,2,6,
242-1,o,g,5,15,3,1,
258-6,Na,Na,Na,15,3,2,
241-7,l,g,3,15,3,3,
258-11,l,g,5,15,3,4,
241-2,o,g,2,15,3,5,
255-2,n,n,3,15,3,6,
233-17,l,s,1,15,4,1,
256-1,l,n,5,15,4,2,
233-12,l,s,2,15,4,3,
258-5,l,s,2,15,4,4,
241-1,n,n,3,15,4,5,
258-10,n,s,3,15,4,6,
233-16,l,g,3,15,5,1,
241-6,n,s,2,15,5,2,
233-11,l,g,4,15,5,3,
255-1,l,g,4,15,5,4,
255-6,n,s,2,15,5,5,
258-4,n,n,1,15,5,6,
255-5,l,g,1,15,6,1,
258-9,l,g,4,15,6,2,
241-5,n,g,2,15,6,3,
247-1,Na,Na,Na,15,6,4,
233-20,o,g,3,15,6,5,
241-4,n,g,3,15,6,6,
233-15,l,s,4,15,7,1,
233-19,n,n,2,15,7,2,
233-10,n,g,1,15,7,3,
233-14,l,g,2,15,7,4,
233-9,l,s,4,15,7,5,
233-13,l,s,2,15,7,6,
233-7,l,s,1,15,8,1,
233-6,o,g,2,15,8,2,
233-1,l,s,3,15,8,3,
233-5,l,s,5,15,8,4,
232-20,o,g,1,15,8,5,
233-4,l,g,1,15,8,6,
232-16,o,g,2,16,1,1,
232-15,n,g,4,16,1,2,
232-14,l,g,4,16,1,3,
232-13,o,g,3,16,1,4,
232-12,o,g,5,16,1,5,
232-11,o,g,3,16,1,6,
232-19,l,g,5,16,2,1,
232-18,o,g,2,16,2,2,
233-3,l,n,2,16,2,3,
233-8,l,s,1,16,2,4,
233-17,o,g,1,16,2,5,
233-2,l,n,4,16,2,6,
258-20,l,n,2,16,3,1,
263-4,l,g,2,16,3,2,
258-19,n,n,3,16,3,3,
206-2,l,s,1,16,3,4,
258-18,o,g,4,16,3,5,
206-1,o,g,4,16,3,6,
258-23,n,g,3,16,4,1,
263-3,n,g,4,16,4,2,
258-17,n,g,2,16,4,3,
263-9,l,n,1,16,4,4,
263-2,l,g,3,16,4,5,
263-8,l,g,4,16,4,6,
263-14,l,g,3,16,5,1,
263-15,o,g,3,16,5,2,
263-19,l,s,4,16,5,3,
263-20,n,n,1,16,5,4,
263-1,l,s,3,16,5,5,
263-13,l,s,4,16,5,6,
258-22,l,s,1,16,6,1,
263-7,l,s,3,16,6,2,
258-16,l,n,5,16,6,3,
263-18,l,g,4,16,6,4,
258-15,l,g,4,16,6,5,
263-12,l,g,3,16,6,6,
258-21,l,n,2,16,7,1,
263-6,l,s,4,16,7,2,
206-4,l,g,4,16,7,3,
263-17,o,g,2,16,7,4,
263-11,l,g,2,16,7,5,
206-3,l,s,4,16,7,6,
263-16,o,g,2,16,8,1,
264-1,l,n,3,16,8,2,
263-5,n,n,1,16,8,3,
263-10,l,s,4,16,8,4,
264-2,n,n,2,17,1,1,
264-3,n,n,3,17,1,2,
264-4,o,s,1,17,1,3,
264-5,n,n,1,17,1,4,
264-6,l,s,1,17,1,5,
264-7,n,g,2,17,1,6,
264-8,n,g,2,17,2,1,
264-9,n,s,3,17,2,2,
264-10,o,s,1,17,2,3,
264-11,n,n,1,17,2,4,
264-12,l,s,2,17,2,5,
264-13,o,g,3,17,2,6,
265-1,l,g,6,17,3,1,
265-2,o,g,1,17,3,2,
265-3,l,n,3,17,3,3,
265-4,n,g,2,17,3,4,
265-5,l,s,1,17,3,5,
265-6,l,s,3,17,3,6,
265-7,n,s,5,17,4,1,
265-8,l,n,4,17,4,2,
265-9,l,s,3,17,4,3,
265-10,l,g,4,17,4,4,
265-11,l,s,4,17,4,5,
265-12,l,g,3,17,4,6,
265-13,l,g,2,17,5,1,
265-14,o,g,2,17,5,2,
265-15,n,g,2,17,5,3,
265-16,l,g,2,17,5,4,
265-17,n,g,2,17,5,5,
265-18,l,g,4,17,5,6,
265-19,l,g,5,17,6,1,
265-20,o,g,2,17,6,2,
265-21,n,n,1,17,6,3,
265-22,l,g,3,17,6,4,
267-1,l,n,3,17,6,5,
267-2,l,g,2,17,6,6,
267-3,l,g,3,17,7,1,
267-4,l,n,4,17,7,2,
267-5,n,n,1,17,7,3,
267-6,n,g,2,17,7,4,
267-7,l,s,4,17,7,5,
267-8,n,n,3,17,7,6,
267-9,l,s,2,17,8,1,
267-10,l,g,3,17,8,2,
267-11,l,g,1,17,8,3,
267-12,o,g,2,17,8,4,
267-13,l,g,3,17,8,5,
267-14,o,s,4,17,8,6,
267-15,l,s,3,18,1,1,
267-16,o,s,4,18,1,2,
267-17,l,g,1,18,1,3,
267-18,o,g,4,18,1,4,
267-19,o,g,5,18,1,5,
267-20,l,g,3,18,1,6,
267-21,n,s,1,18,2,1,really small and red leaves 31.March
267-22,o,s,5,18,2,2,
310-1,o,g,3,18,2,3,
310-2,o,g,3,18,2,4,
310-3,o,g,3,18,2,5,
310-4,o,g,3,18,2,6,
310-5,l,g,4,18,3,1,
310-6,o,g,4,18,3,2,
310-7,o,g,5,18,3,3,
310-8,o,s,5,18,3,4,
310-9,o,s,5,18,3,5,
310-10,o,s,1,18,3,6,
310-11,n,n,1,18,4,1,
310-12,o,s,3,18,4,2,
310-13,o,g,1,18,4,3,
310-14,o,g,1,18,4,4,
319-1,n,n,1,18,4,5,
319-2,n,n,4,18,4,6,
322-1,o,g,2,18,5,1,
279-1,n,g,2,18,5,2,
279-2,l,g,5,18,5,3,
279-3,l,g,2,18,5,4,
282-1,o,g,1,18,5,5,
282-2,o,g,3,18,5,6,
282-3,o,g,2,18,6,1,
282-4,o,g,2,18,6,2,
282-5,o,g,1,18,6,3,
282-6,n,n,1,18,6,4,
282-7,n,g,4,18,6,5,
282-8,l,g,2,18,6,6,
282-9,o,g,4,18,7,1,
282-10,l,s,5,18,7,2,
282-11,n,n,2,18,7,3,
282-12,o,g,3,18,7,4,
282-13,o,g,2,18,7,5,
282-14,o,g,4,18,7,6,
282-15,o,g,1,18,8,1,
282-16,o,g,2,18,8,2,
282-17,o,g,2,18,8,3,
282-18,o,g,1,18,8,4,
282-19,o,g,2,18,8,5,
282-20,o,g,1,18,8,6,
1-1,o,g,2,19,1,1,
1-2,o,g,5,19,1,2,
1-3,o,g,5,19,1,3,one leaf is on the left side lobed and not on the other side
1-4,o,g,4,19,1,4,
1-5,o,g,2,19,1,5,
1-6,o,g,1,19,1,6,
1-7,l,s,5,19,2,1,
1-8,n,g,3,19,2,2,
1-9,n,n,2,19,2,3,
1-10,n,n,5,19,2,4,
1-11,o,g,3,19,2,5,
1-12,o,g,4,19,2,6,
1-13,o,g,2,19,3,1,
5-1,n,g,3,19,3,2,
7-1,n,n,2,19,3,3,
7-2,o,g,1,19,3,4,
7-3,o,g,1,19,3,5,
7-4,o,g,3,19,3,6,
7-5,Na,Na,Na,19,4,1,
7-6,o,g,2,19,4,2,
7-7,l,g,1,19,4,3,
7-8,n,n,1,19,4,4,
7-9,n,n,1,19,4,5,
7-10,n,n,1,19,4,6,
7-11,n,n,2,19,5,1,
7-12,l,g,2,19,5,2,
7-13,l,g,2,19,5,3,
7-14,n,g,3,19,5,4,
7-15,o,g,1,19,5,5,
7-16,n,n,1,19,5,6,
7-17,n,n,0,19,6,1,
7-18,n,n,1,19,6,2,
7-19,o,g,1,19,6,3,
7-20,n,n,1,19,6,4,
8-1,l,g,5,19,6,5,
8-2,Na,Na,Na,19,6,6,
8-3,l,g,1,19,7,1,
8-4,o,g,2,19,7,2,
8-5,l,g,5,19,7,3,
8-6,o,g,1,19,7,4,
8-7,l,s,2,19,7,5,
8-8,Na,Na,Na,19,7,6,
8-9,Na,Na,Na,19,8,1,
8-10,Na,Na,Na,19,8,2,
8-11,n,n,1,19,8,3,
8-12,l,s,2,19,8,4,
8-13,n,n,1,19,8,5,
8-14,Na,Na,Na,19,8,6,
8-15,o,g,3,20,1,1,
8-16,o,g,2,20,1,2,
8-17,o,g,4,20,1,3,
8-18,o,g,8,20,1,4,
8-19,Na,Na,Na,20,1,5,
8-20,o,g,1,20,1,6,
11-1,o,g,1,20,2,1,
11-2,o,g,1,20,2,2,
11-3,o,g,2,20,2,3,
14-1,n,n,1,20,2,4,
19-1,l,s,1,20,2,5,
19-2,o,g,1,20,2,6,
19-3,o,s,3,20,3,1,
19-4,n,g,2,20,3,2,
19-5,n,g,3,20,3,3,
19-6,o,g,2,20,3,4,
16-1,n,s,1,20,3,5,
16-2,l,s,4,20,3,6,
22-1,l,x,3,20,4,1,
24-1,l,g,1,20,4,2,
24-2,n,n,1,20,4,3,
24-3,n,n,3,20,4,4,
24-4,n,n,1,20,4,5,
24-5,n,n,1,20,4,6,
24-6,l,s,3,20,5,1,red leafs on 3.4.25
24-7,o,g,2,20,5,2,
24-8,l,g,2,20,5,3,
24-9,o,g,3,20,5,4,
24-10,n,n,3,20,5,5,
24-11,n,n,3,20,5,6,
24-12,Na,Na,Na,20,6,1,
24-13,n,n,2,20,6,2,
24-14,l,n,2,20,6,3,
24-15,n,n,1,20,6,4,
24-16,o,g,1,20,6,5,
24-17,n,n,2,20,6,6,
24-18,n,n,1,20,7,1,
24-19,n,n,1,20,7,2,
24-20,o,g,1,20,7,3,
27-1,o,s,4,20,7,4,
27-2,o,s,4,20,7,5,
27-3,o,g,3,20,7,6,
27-4,o,g,2,20,8,1,
27-5,l,g,6,20,8,2,
27-6,o,g,4,20,8,3,
27-7,o,g,1,20,8,4,
27-8,o,g,2,20,8,5,
27-9,n,g,1,20,8,6,
27-10,l,n,2,21,1,1,
27-11,n,g,2,21,1,2,
27-12,l,g,1,21,1,3,
27-13,n,g,2,21,1,4,
27-14,l,s,3,21,1,5,
27-15,l,g,3,21,1,6,
27-16,n,n,3,21,2,1,
27-17,n,n,1,21,2,2,
27-18,o,g,1,21,2,3,
27-19,l,g,5,21,2,4,
27-20,n,n,2,21,2,5,
29-1,o,s,1,21,2,6,
29-2,o,g,1,21,3,1,
29-3,l,g,3,21,3,2,
29-4,l,g,4,21,3,3,
29-5,o,g,3,21,3,4,
29-6,o,n,1,21,3,5,
29-7,o,g,4,21,3,6,
29-8,o,g,2,21,4,1,
34-1,o,g,2,21,4,2,
34-2,l,g,2,21,4,3,
34-3,l,g,3,21,4,4,
34-4,l,g,2,21,4,5,
34-5,o,g,3,21,4,6,
34-6,l,g,5,21,5,1,
34-7,l,g,3,21,5,2,
34-8,o,g,2,21,5,3,
34-9,n,g,3,21,5,4,
34-10,o,g,4,21,5,5,
34-11,n,g,3,21,5,6,
34-12,o,g,2,21,6,1,
34-13,o,g,1,21,6,2,
34-14,n,g,3,21,6,3,
34-15,o,g,3,21,6,4,
34-16,Na,Na,Na,21,6,5,Nierenförmige Blätter; diff spec?
35-1,l,g,3,21,6,6,
35-2,o,g,2,21,7,1,
35-3,n,g,1,21,7,2,
35-4,l,n,3,21,7,3,
35-5,l,g,3,21,7,4,
35-6,l,g,3,21,7,5,
35-7,n,g,2,21,7,6,
35-8,l,g,3,21,8,1,
35-9,o,g,3,21,8,2,
35-10,l,g,4,21,8,3,
35-11,o,g,3,21,8,4,
35-12,o,g,2,21,8,5,
35-13,o,g,3,21,8,6,
35-14,o,g,2,22,1,1,
35-15,o,g,2,22,1,2,
35-16,o,g,2,22,1,3,
35-17,o,g,2,22,1,4,
35-18,o,g,3,22,1,5,
35-19,o,g,2,22,1,6,
35-20,o,g,2,22,2,1,
40-1,l,n,4,22,2,2,
41-1,o,g,3,22,2,3,
41-2,o,s,3,22,2,4,
41-3,o,g,2,22,2,5,
41-4,o,g,1,22,2,6,
41-5,n,n,2,22,3,1,
41-6,o,g,1,22,3,2,
41-7,o,g,2,22,3,3,
41-8,l,g,3,22,3,4,
41-9,o,g,2,22,3,5,
41-10,o,g,3,22,3,6,
41-11,o,g,3,22,4,1,
41-12,o,g,3,22,4,2,
41-13,o,g,3,22,4,3,
41-14,o,g,2,22,4,4,
41-15,l,s,3,22,4,5,
45-1,n,n,1,22,4,6,
45-2,l,g,1,22,5,1,
45-3,o,g,1,22,5,2,
45-4,n,n,2,22,5,3,
45-5,o,g,2,22,5,4,
45-6,o,s,2,22,5,5,
45-7,o,s,1,22,5,6,
45-8,o,g,2,22,6,1,
45-9,n,n,1,22,6,2,
45-10,o,g,2,22,6,3,
45-11,l,s,1,22,6,4,
45-12,o,s,1,22,6,5,
45-13,o,g,1,22,6,6,
45-14,o,g,1,22,7,1,
45-15,o,g,2,22,7,2,
45-16,n,n,1,22,7,3,
45-17,o,g,2,22,7,4,
45-18,Na,Na,Na,22,7,5,
45-19,o,g,3,22,7,6,
45-20,n,n,1,22,8,1,
47-1,n,o,1,22,8,2,
47-2,l,s,3,22,8,3,
47-3,l,n,1,22,8,4,
47-4,l,s,3,22,8,5,
47-5,n,n,2,22,8,6,
47-6,o,s,2,23,1,1,
47-7,o,s,1,23,1,2,
47-8,o,s,4,23,1,3,
47-9,o,s,3,23,1,4,
47-10,o,g,2,23,1,5,
47-11,o,g,2,23,1,6,
47-12,o,g,2,23,2,1,
47-13,l,g,2,23,2,2,
47-14,o,g,3,23,2,3,
47-15,o,g,2,23,2,4,
47-16,l,g,2,23,2,5,
47-17,o,g,2,23,2,6,
47-18,o,g,1,23,3,1,
47-19,o,g,2,23,3,2,
47-20,n,g,2,23,3,3,
49-1,l,s,1,23,3,4,
49-2,o,g,4,23,3,5,
49-3,l,s,2,23,3,6,
49-4,l,s,1,23,4,1,
49-5,o,s,4,23,4,2,
49-6,o,s,4,23,4,3,
49-7,o,s,1,23,4,4,
49-8,l,s,5,23,4,5,
49-9,o,s,1,23,4,6,
49-10,o,s,4,23,5,1,
49-11,l,g,3,23,5,2,
49-12,l,g,2,23,5,3,
49-13,n,n,1,23,5,4,
49-14,o,s,2,23,5,5,
49-15,o,s,2,23,5,6,
49-16,o,g,2,23,6,1,
49-17,l,g,1,23,6,2,
49-18,o,g,3,23,6,3,
49-19,n,n,2,23,6,4,
49-20,o,g,3,23,6,5,
342-1,n,s,7,23,6,6,
342-2,l,g,1,23,7,1,
342-3,l,g,1,23,7,2,
342-4,n,n,1,23,7,3,
342-5,l,g,3,23,7,4,
342-6,n,n,2,23,7,5,
342-7,l,g,1,23,7,6,
342-8,o,g,1,23,8,1,
342-9,l,n,2,23,8,2,
342-10,Na,Na,Na,23,8,3,
342-11,n,n,1,23,8,4,
342-12,Na,Na,Na,23,8,5,
342-13,Na,Na,Na,23,8,6,
342-14,l,s,1,24,1,1,
342-15,l,g,2,24,1,2,
342-16,l,n,1,24,1,3,
342-17,o,s,2,24,1,4,
342-18,o,s,1,24,1,5,
342-19,n,n,1,24,1,6,
342-20,l,s,1,24,2,1,
344-1,n,n,1,24,2,2,
344-2,o,g,2,24,2,3,
344-3,l,g,1,24,2,4,
344-4,l,s,1,24,2,5,
344-5,n,n,2,24,2,6,
344-6,l,s,1,24,3,1,
344-7,n,n,1,24,3,2,
344-8,o,g,1,24,3,3,
344-9,l,g,1,24,3,4,
344-10,Na,Na,Na,24,3,5,
344-11,l,n,1,24,3,6,
344-12,n,s,1,24,4,1,
344-13,n,n,1,24,4,2,
344-14,l,g,1,24,4,3,
344-15,n,n,1,24,4,4,
344-16,o,g,1,24,4,5,
344-17,o,g,1,24,4,6,
344-18,o,n,1,24,5,1,
344-19,o,g,1,24,5,2,
344-20,o,g,1,24,5,3,
345-1,o,g,3,24,5,4,
345-2,l,g,2,24,5,5,
345-3,l,n,2,24,5,6,
345-4,Na,Na,Na,24,6,1,
345-5,o,g,1,24,6,2,
345-6,l,g,4,24,6,3,
345-7,Na,Na,Na,24,6,4,
345-8,o,g,3,24,6,5,
345-9,o,g,4,24,6,6,
345-10,Na,Na,Na,24,7,1,
345-11,l,s,3,24,7,2,
345-12,o,g,4,24,7,3,
345-13,Na,Na,Na,24,7,4,
345-14,o,s,8,24,7,5,
345-15,o,g,6,24,7,6,1 heartshaped leaf
345-16,o,g,2,24,8,1,
345-17,o,g,5,24,8,2,
345-18,Na,Na,Na,24,8,3,
345-19,o,g,5,24,8,4,
345-20,Na,Na,Na,24,8,5,
346-1,l,s,6,24,8,6,
346-2,o,s,3,25,1,1,
346-3,l,s,1,25,1,2,
346-4,l,s,1,25,1,3,
346-5,o,g,1,25,1,4,
346-6,o,g,1,25,1,5,
346-7,o,g,3,25,1,6,
346-8,Na,Na,Na,25,2,1,
346-9,o,n,1,25,2,2,
346-10,o,g,1,25,2,3,
346-11,o,g,2,25,2,4,
346-12,Na,Na,Na,25,2,5,
346-13,Na,Na,Na,25,2,6,
346-14,Na,Na,Na,25,3,1,
346-15,Na,Na,Na,25,3,2,
346-16,Na,Na,Na,25,3,3,
346-17,l,g,2,25,3,4,
346-18,o,g,5,25,3,5,
346-19,o,g,1,25,3,6,
346-20,o,g,2,25,4,1,
347-1,l,s,2,25,4,2,
347-2,n,n,1,25,4,3,
347-3,l,n,6,25,4,4,
347-4,n,n,1,25,4,5,
347-5,n,n,1,25,4,6,
347-6,o,g,1,25,5,1,
347-7,n,n,2,25,5,2,
347-8,l,s,1,25,5,3,
347-9,n,n,1,25,5,4,
347-10,o,g,1,25,5,5,
347-11,n,n,1,25,5,6,
347-12,n,n,1,25,6,1,
347-13,n,n,1,25,6,2,
347-14,n,n,1,25,6,3,
347-15,n,n,1,25,6,4,
347-16,o,s,1,25,6,5,
347-17,n,n,1,25,6,6,
347-18,l,g,1,25,7,1,
347-19,l,g,1,25,7,2,
347-20,l,s,2,25,7,3,
348-1,n,n,4,25,7,4,
348-2,o,g,4,25,7,5,
348-3,n,n,1,25,7,6,
348-4,l,g,1,25,8,1,
348-5,n,s,2,25,8,2,
348-6,n,g,2,25,8,3,
348-7,l,n,1,25,8,4,
348-8,n,n,1,25,8,5,
348-9,l,g,3,25,8,6,
348-10,l,n,2,26,1,1,
348-11,l,s,6,26,1,2,
348-12,l,g,5,26,1,3,
348-13,l,s,6,26,1,4,
348-14,n,n,1,26,1,5,
348-15,o,s,4,26,1,6,
348-16,o,s,6,26,2,1,
348-17,o,s,1,26,2,2,
348-18,o,s,1,26,2,3,
348-19,l,g,1,26,2,4,
348-20,o,s,4,26,2,5,
353-1,l,s,4,26,2,6,
353-2,l,g,4,26,3,1,
354-1,o,g,4,26,3,2,
356-1,o,g,3,26,3,3,
357-1,o,s,2,26,3,4,
357-2,o,g,3,26,3,5,
357-3,l,s,4,26,3,6,
357-4,l,n,2,26,4,1,
357-5,l,n,3,26,4,2,
357-6,o,g,3,26,4,3,
357-7,o,n,4,26,4,4,
357-8,o,g,2,26,4,5,
357-9,n,n,2,26,4,6,
357-10,l,g,3,26,5,1,
357-11,l,g,5,26,5,2,
357-12,o,g,2,26,5,3,
357-13,o,s,4,26,5,4,
357-14,l,n,3,26,5,5,
357-15,o,g,7,26,5,6,
357-16,l,s,3,26,6,1,
357-17,o,g,6,26,6,2,
357-18,o,g,4,26,6,3,
357-19,l,s,5,26,6,4,
357-20,o,g,6,26,6,5,
358-1,o,g,3,26,6,6,
358-2,o,g,3,26,7,1,
358-3,o,s,4,26,7,2,
359-1,o,g,5,26,7,3,
359-2,o,g,4,26,7,4,
359-3,o,g,4,26,7,5,
359-4,o,g,4,26,7,6,
359-5,o,g,3,26,8,1,
359-6,o,g,2,26,8,2,
359-7,o,g,3,26,8,3,
359-8,o,g,4,26,8,4,
359-9,o,g,4,26,8,5,
359-10,o,g,3,26,8,6,
360-1,Na,Na,Na,27,1,1,
360-2,o,g,3,27,1,2,
361-1,o,g,1,27,1,3,
361-2,o,g,3,27,1,4,
361-3,o,g,1,27,1,5,
361-4,o,g,2,27,1,6,
361-5,o,s,2,27,2,1,
375-1,Na,Na,Na,27,2,2,
375-2,Na,Na,Na,27,2,3,
375-3,o,n,4,27,2,4,
375-4,Na,Na,Na,27,2,5,
375-5,Na,Na,Na,27,2,6,
384-1,n,n,1,27,3,1,
384-2,n,n,1,27,3,2,
384-3,n,n,1,27,3,3,
384-4,n,n,1,27,3,4,
384-5,n,n,2,27,3,5,
384-6,l,g,1,27,3,6,
384-7,n,n,1,27,4,1,
384-8,n,n,1,27,4,2,
384-9,n,n,1,27,4,3,
384-10,o,g,3,27,4,4,
384-11,n,n,6,27,4,5,
384-12,Na,Na,Na,27,4,6,
384-13,n,n,4,27,5,1,
384-14,n,n,1,27,5,2,
384-15,Na,Na,Na,27,5,3,
384-16,n,n,3,27,5,4,
384-17,o,g,3,27,5,5,
384-18,o,g,1,27,5,6,
384-20,Na,Na,Na,27,6,1,
388-1,o,s,2,27,6,2,
389-1,o,n,6,27,6,3,
403-1,o,g,4,27,6,4,
405-1,n,n,2,27,6,5,
405-2,o,g,3,27,6,6,
405-3,n,n,1,27,7,1,
405-4,n,n,2,27,7,2,
405-5,o,g,3,27,7,3,
405-6,n,n,1,27,7,4,
405-7,n,n,1,27,7,5,
405-8,l,n,4,27,7,6,
405-9,o,g,2,27,8,1,
405-10,o,g,4,27,8,2,
405-11,l,g,2,27,8,3,
405-12,n,n,1,27,8,4,
405-13,n,n,1,27,8,5,
405-14,l,s,1,27,8,6,
405-15,l,s,1,28,1,1,
405-16,n,n,1,28,1,2,
405-17,n,n,1,28,1,3,
405-18,n,n,1,28,1,4,
405-19,o,n,1,28,1,5,
405-20,n,n,1,28,1,6,
406-1,n,n,2,28,2,1,
406-2,n,n,1,28,2,2,
406-3,o,g,3,28,2,3,
406-4,n,n,1,28,2,4,
406-5,n,n,3,28,2,5,
406-6,o,s,1,28,2,6,
406-7,n,n,1,28,3,1,
406-8,n,n,1,28,3,2,
406-9,n,n,1,28,3,3,
406-10,n,n,1,28,3,4,
406-11,n,n,3,28,3,5,
406-12,n,n,1,28,3,6,
406-13,o,s,2,28,4,1,
406-14,l,n,2,28,4,2,
406-15,,,n,28,4,3,
406-16,n,n,1,28,4,4,
406-17,,,n,28,4,5,
406-18,,,n,28,4,6,
406-19,,,n,28,5,1,
406-20,,,n,28,5,2,
407-1,o,g,2,28,5,3,
407-2,n,n,1,28,5,4,
407-3,o,s,1,28,5,5,
407-4,l,s,1,28,5,6,
407-5,n,n,2,28,6,1,
407-6,n,n,1,28,6,2,
407-7,n,n,1,28,6,3,
407-8,l,n,1,28,6,4,
407-9,n,n,1,28,6,5,
407-10,o,g,1,28,6,6,
407-11,n,n,1,28,7,1,
407-12,n,n,1,28,7,2,
407-13,n,n,3,28,7,3,
407-14,n,n,3,28,7,4,
407-15,l,s,1,28,7,5,
407-16,o,s,1,28,7,6,
407-17,o,s,1,28,8,1,
407-18,o,g,1,28,8,2,
407-19,l,s,2,28,8,3,
407-20,n,n,1,28,8,4,
408-1,l,s,3,28,8,5,
408-2,l,s,1,28,8,6,
408-3,o,s,2,29,1,1,
408-4,l,g,3,29,1,2,
408-5,,,n,29,1,3,
408-6,o,g,3,29,1,4,
408-7,n,n,1,29,1,5,
408-8,n,n,n,29,1,6,
408-9,n,n,n,29,2,1,
408-10,l,n,3,29,2,2,
409-1,l,s,1,29,2,3,
409-2,l,g,2,29,2,4,
409-3,n,n,2,29,2,5,
409-4,l,s,4,29,2,6,
409-5,l,s,1,29,3,1,
409-6,n,n,n,29,3,2,
409-7,n,n,n,29,3,3,
409-8,n,n,n,29,3,4,
409-9,n,n,n,29,3,5,
409-10,n,n,n,29,3,6,
409-11,o,s,3,29,4,1,
409-12,n,n,n,29,4,2,
409-13,n,n,n,29,4,3,
409-14,n,n,n,29,4,4,
409-15,n,n,1,29,4,5,
409-16,n,n,n,29,4,6,
409-17,n,n,n,29,5,1,
409-18,n,n,n,29,5,2,
409-19,n,n,n,29,5,3,
409-20,n,n,n,29,5,4,
94-1,o,g,3,29,5,5,
94-2,o,s,2,29,5,6,
94-3,o,g,2,29,6,1,
94-4,o,g,2,29,6,2,
96-1,o,g,2,29,6,3,
100-2,o,g,2,29,6,4,
100-1,n,n,0,29,6,5,
102-1,o,g,3,29,6,6,
102-2,o,g,4,29,7,1,
102-3,n,n,3,29,7,2,
102-4,o,g,4,29,7,3,
102-5,l,g,3,29,7,4,
102-6,o,g,3,29,7,5,
102-7,n,g,3,29,7,6,
102-8,o,g,5,29,8,1,
102-9,n,g,2,29,8,2,
102-10,o,g,3,29,8,3,
102-11,o,g,5,29,8,4,
102-12,o,g,2,29,8,5,
105-1,n,n,5,30,1,6,
105-2,l,g,4,30,2,1,
105-3,n,n,4,30,2,2,
105-4,o,s,4,30,2,3,
105-5,o,g,3,30,2,4,
105-6,n,n,2,30,2,5,
105-7,o,g,5,30,2,6,
105-8,o,s,2,30,3,1,
105-9,o,s,4,30,3,2,
105-10,l,s,5,30,3,3,
105-11,n,n,4,30,3,4,
105-12,o,g,2,30,3,5,
106-1,o,g,2,30,3,6,
106-2,l,s,5,30,4,1,
106-3,o,g,4,30,4,2,
106-4,o,g,5,30,4,3,
104-5,n,g,3,30,4,4,
104-6,n,g,6,30,4,5,
104-7,l,g,2,30,4,6,
104-8,l,g,5,30,5,1,
104-9,n,n,2,30,5,2,
104-10,o,g,5,30,5,3,
104-11,o,g,3,30,5,4,
104-12,l,s,4,30,5,5,
104-13,o,g,3,30,5,6,
104-14,l,s,4,30,6,1,
104-15,o,g,4,30,6,2,
104-16,o,s,3,30,6,3,
104-17,o,g,3,30,6,4,
104-18,o,g,2,30,6,5,
104-19,o,g,4,30,6,6,
110-1,o,g,2,30,7,1,
112-1,l,g,3,30,7,2,
113-1,o,g,3,30,7,3,
113-2,l,g,2,30,7,4,
113-3,o,g,4,30,7,5,
113-4,l,g,3,30,7,6,
113-5,o,g,3,30,8,1,
113-6,l,g,3,30,8,2,
113-7,l,g,4,30,8,3,
113-8,o,g,2,30,8,4,
113-9,l,g,2,30,8,5,
113-10,l,g,4,30,8,6,
113-11,o,g,1,31,1,1,
113-12,o,s,3,31,1,2,
113-13,n,n,1,31,1,3,
114-1,l,s,1,31,1,4,
114-2,o,n,1,31,1,5,
114-3,o,g,3,31,1,6,
114-4,o,n,1,31,2,1,
117-1,l,g,2,31,2,2,
119-1,n,n,1,31,2,3,
120-1,l,n,1,31,2,4,
120-2,n,n,1,31,2,5,
120-3,o,n,1,31,2,6,
120-4,o,g,2,31,3,1,
120-5,o,g,1,31,3,2,
122-1,n,n,1,31,3,3,
122-2,l,g,2,31,3,4,
122-3,l,n,1,31,3,5,
122-4,n,n,1,31,3,6,
122-5,n,n,1,31,4,1,
122-6,n,n,1,31,4,2,
122-7,n,n,3,31,4,3,
122-8,l,s,4,31,4,4,
122-9,l,n,1,31,4,5,
122-10,l,s,2,31,4,6,
122-11,o,s,6,31,5,1,
122-12,o,s,1,31,5,2,
122-13,n,n,1,31,5,3,
122-14,n,n,4,31,5,4,
122-15,n,n,1,31,5,5,
122-16,n,n,1,31,5,6,
122-17,n,n,1,31,6,1,
122-18,n,n,1,31,6,2,
122-19,n,n,1,31,6,3,
122-20,n,n,1,31,6,4,
159-1,o,g,1,31,6,5,
159-2,o,g,1,31,6,6,
159-3,n,n,1,31,7,1,
159-4,n,n,1,31,7,2,
159-5,,,n,31,7,3,
159-6,o,n,1,31,7,4,
159-7,n,n,1,31,7,5,
159-8,o,g,1,31,7,6,
159-9,n,n,1,31,8,1,
159-10,n,n,1,31,8,2,
159-11,n,n,1,31,8,3,
159-12,n,n,1,31,8,4,
159-13,n,n,1,31,8,5,
159-14,o,g,1,31,8,6,
159-15,n,n,1,32,1,1,
159-16,n,n,1,32,1,2,
159-17,n,n,1,32,1,3,
160-1,o,g,2,32,1,4,
160-2,,,n,32,1,5,
160-3,o,g,1,32,1,6,
161-1,n,n,1,32,2,1,
161-2,n,n,1,32,2,2,
161-3,o,g,1,32,2,3,
161-4,o,g,1,32,2,4,
163-1,n,g,1,32,2,5,
165-1,l,s,3,32,2,6,
165-2,n,n,1,32,3,1,
165-3,o,s,1,32,3,2,
156-4,o,s,1,32,3,3,is 165 every following 1156
156-5,n,n,1,32,3,4,
156-6,n,g,1,32,3,5,
156-7,n,g,2,32,3,6,
156-8,o,s,2,32,4,1,
156-9,n,g,1,32,4,2,
156-10,n,n,1,32,4,3,
156-11,l,n,2,32,4,4,
156-12,l,s,1,32,4,5,
156-13,l,s,1,32,4,6,
156-14,n,n,1,32,5,1,
156-15,l,g,1,32,5,2,
156-16,n,n,1,32,5,3,
156-17,o,s,1,32,5,4,
166-1,n,n,1,32,5,5,
166-2,o,g,1,32,5,6,
166-3,o,g,1,32,6,1,
167-1,n,n,1,32,6,2,
167-2,o,g,2,32,6,3,
167-3,o,s,1,32,6,4,
167-4,l,s,1,32,6,5,
168-1,o,g,1,32,6,6,
168-2,n,n,1,32,7,1,
168-3,n,n,1,32,7,2,
168-4,l,g,1,32,7,3,
168-5,n,g,2,32,7,4,
168-6,n,g,2,32,7,5,
168-7,o,g,1,32,7,6,
168-8,o,n,1,32,8,1,
168-9,l,n,2,32,8,2,
168-10,l,s,1,32,8,3,
168-11,n,n,1,32,8,4,
168-12,n,n,1,32,8,5,
168-13,o,g,1,32,8,6,
168-14,n,n,1,33,1,1,
168-15,n,n,1,33,1,2,
168-16,n,n,1,33,1,3,
168-17,l,s,1,33,1,4,
168-18,o,g,1,33,1,5,
168-19,o,g,1,33,1,6,
168-20,l,g,1,33,2,1,
169-1,n,n,1,33,2,2,
169-2,o,g,1,33,2,3,
169-3,o,g,1,33,2,4,
169-4,o,g,2,33,2,5,
169-5,n,n,1,33,2,6,
169-6,o,s,1,33,3,1,
169-7,,,n,33,3,2,
169-8,o,s,1,33,3,3,
169-9,n,n,1,33,3,4,
169-10,o,g,1,33,3,5,
169-11,n,n,1,33,3,6,
169-12,o,g,2,33,4,1,
169-13,l,s,1,33,4,2,
169-14,o,g,1,33,4,3,
169-15,n,n,1,33,4,4,
169-16,o,g,1,33,4,5,
169-17,l,s,2,33,4,6,
169-18,n,n,1,33,5,1,
169-19,n,n,1,33,5,2,
169-20,n,n,1,33,5,3,
170-1,o,n,1,33,5,4,
170-2,l,s,2,33,5,5,
171-1,o,n,1,33,5,6,
172-1,o,g,1,33,6,1,
172-2,o,s,1,33,6,2,
172-3,o,s,1,33,6,3,
172-4,n,n,1,33,6,4,
172-5,n,n,1,33,6,5,
172-6,l,g,1,33,6,6,
172-7,o,s,1,33,7,1,
172-8,o,s,1,33,7,2,
172-9,n,n,1,33,7,3,
172-10,o,n,2,33,7,4,
172-11,l,s,1,33,7,5,
172-12,l,s,1,33,7,6,
172-13,o,g,1,33,8,1,
172-14,o,g,1,33,8,2,
172-15,o,g,1,33,8,3,
173-1,o,g,2,33,8,4,
173-2,l,g,2,33,8,5,
173-3,n,n,1,33,8,6,
173-4,o,g,1,34,1,1,
173-5,o,g,1,34,1,2,
173-6,l,s,1,34,1,3,
173-7,o,g,3,34,1,4,
173-8,o,s,2,34,1,5,
173-9,o,g,1,34,1,6,
173-10,o,g,1,34,2,1,
173-11,n,n,1,34,2,2,
173-12,l,s,1,34,2,3,
173-13,o,s,2,34,2,4,
173-14,n,n,1,34,2,5,
173-15,n,n,1,34,2,6,
173-16,o,g,2,34,3,1,
173-17,o,g,1,34,3,2,
173-18,l,g,2,34,3,3,
173-19,n,n,1,34,3,4,
173-20,n,n,1,34,3,5,
174-1,l,g,2,34,3,6,
174-2,l,g,1,34,4,1,
174-3,l,g,2,34,4,2,
175-1,o,g,1,34,4,3,
176-1,o,g,2,34,4,4,
176-2,,,n,34,4,5,
176-3,o,g,2,34,4,6,
177-1,o,g,2,34,5,1,
177-2,n,g,1,34,5,2,
177-3,l,g,1,34,5,3,
177-4,o,g,1,34,5,4,
177-5,n,n,1,34,5,5,
177-6,n,n,1,34,5,6,
177-7,o,g,1,34,6,1,
177-8,n,n,1,34,6,2,
177-9,o,g,1,34,6,3,
177-10,n,n,1,34,6,4,
177-11,l,g,1,34,6,5,
177-12,o,g,1,34,6,6,
177-13,o,g,1,34,7,1,
177-14,n,s,1,34,7,2,
177-15,o,g,2,34,7,3,
177-16,n,n,1,34,7,4,
177-17,l,g,1,34,7,5,
177-18,n,n,3,34,7,6,
177-19,n,n,1,34,8,1,
177-20,o,g,4,34,8,2,
179-1,l,g,2,34,8,3,
179-2,n,g,3,34,8,4,
179-3,l,g,2,34,8,5,
179-4,n,g,4,34,8,6,
180-1,o,n,1,35,1,1,
180-2,o,s,1,35,1,2,
180-3,n,n,1,35,1,3,
180-4,n,n,1,35,1,4,
180-5,n,n,1,35,1,5,
180-6,l,g,3,35,1,6,
180-7,n,n,1,35,2,1,
180-8,n,n,1,35,2,2,
180-9,o,g,2,35,2,3,
180-10,o,g,2,35,2,4,
180-11,n,n,1,35,2,5,
181-1,o,g,1,35,2,6,
182-1,n,n,2,35,3,1,
182-2,o,g,2,35,3,2,
182-3,l,g,3,35,3,3,
182-4,n,n,1,35,3,4,
183-1,n,n,1,35,3,5,
183-2,n,n,1,35,3,6,
183-3,l,g,1,35,4,1,
183-4,o,n,1,35,4,2,
183-5,o,g,2,35,4,3,
183-6,n,n,1,35,4,4,
183-7,n,n,1,35,4,5,
183-8,n,n,1,35,4,6,
183-9,l,s,1,35,5,1,
183-10,l,g,2,35,5,2,
183-11,l,s,1,35,5,3,
183-12,l,g,2,35,5,4,
183-13,o,g,1,35,5,5,
183-14,n,n,2,35,5,6,
183-15,l,s,1,35,6,1,
183-16,n,n,1,35,6,2,
183-17,l,g,1,35,6,3,
183-18,l,n,1,35,6,4,
183-19,l,g,1,35,6,5,
183-20,l,g,1,35,6,6,
184-1,,,n,35,7,1,
184-2,l,g,1,35,7,2,
184-3,o,g,2,35,7,3,
184-4,o,g,2,35,7,4,
184-5,n,n,1,35,7,5,
184-6,o,g,1,35,7,6,
184-7,o,g,2,35,8,1,
184-8,o,g,1,35,8,2,
184-9,o,g,3,35,8,3,
184-10,o,g,1,35,8,4,
184-11,l,s,1,35,8,5,
184-12,n,n,1,35,8,6,
184-13,n,n,1,36,1,1,
184-14,o,g,2,36,1,2,
184-15,o,g,1,36,1,3,
184-16,o,g,1,36,1,4,
184-17,o,g,0,36,1,5,
184-18,l,g,1,36,1,6,
184-19,n,n,1,36,2,1,
184-20,o,g,1,36,2,2,
187-1,o,g,1,36,2,3,
187-2,n,n,1,36,2,4,
187-3,l,g,4,36,2,5,
187-4,n,n,2,36,2,6,
187-5,o,g,2,36,3,1,
187-6,n,n,2,36,3,2,
189-1,o,g,1,36,3,3,
191-1,o,g,2,36,3,4,
191-2,o,g,1,36,3,5,
191-3,o,g,1,36,3,6,
191-4,o,g,3,36,4,1,
191-5,o,n,4,36,4,2,
191-6,o,g,2,36,4,3,
191-7,o,g,3,36,4,4,
191-8,o,g,2,36,4,5,
195-1,l,g,4,36,4,6,
196-1,o,s,1,36,5,1,
196-2,o,s,1,36,5,2,
200-1,o,s,4,36,5,3,
200-2,l,s,6,36,5,4,
200-3,l,g,2,36,5,5,
201-1,o,g,2,36,5,6,
203-1,l,g,1,36,6,1,
203-2,l,s,1,36,6,2,
203-3,l,s,2,36,6,3,
203-4,n,g,3,36,6,4,
203-5,l,n,2,36,6,5,
203-6,o,s,2,36,6,6,
203-7,l,s,1,36,7,1,
203-8,n,n,1,36,7,2,
203-9,o,g,1,36,7,3,
203-10,o,g,1,36,7,4,
203-11,n,g,2,36,7,5,
205-1,,,n,36,7,6,
205-2,l,s,5,36,8,1,
205-3,o,g,5,36,8,2,
205-4,n,n,1,36,8,3,
205-5,,,n,36,8,4,
405-18,n,n,2,37,,,
305-1,n,n,4,37,,,
305-2,n,n,2,37,,,
305-3,n,n,1,37,,,
305-4,n,n,1,37,,,
307-1,n,n,1,37,,,
308-1,n,n,1,37,,,
308-2,n,n,1,37,,,
308-3,o,g,1,37,,,
308-4,o,g,1,37,,,
308-5,o,g,1,37,,,
308-6,o,g,1,37,,,
308-7,o,g,2,37,,,
308-8,n,n,1,37,,,
308-9,o,g,2,37,,,
308-10,n,n,2,37,,,
308-11,o,g,1,37,,,
308-12,o,g,1,37,,,
308-13,o,g,2,37,,,
308-14,n,n,1,37,,,
308-15,n,n,1,37,,,
308-16,o,g,1,37,,,
308-17,o,g,1,37,,,
308-18,o,g,1,37,,,
308-19,o,g,1,37,,,
310-1,o,g,1,37,,,
310-2,o,g,3,37,,,
310-3,o,g,1,37,,,
310-4,n,n,1,37,,,
310-5,o,g,1,37,,,
310-6,o,g,1,37,,,
310-7,n,n,1,37,,,
310-8,l,g,1,37,,,
310-9,o,g,1,37,,,
310-10,n,g,1,37,,,
310-11,o,g,1,37,,,
310-12,n,n,1,37,,,
310-13,o,g,1,37,,,
310-14,o,g,1,37,,,
310-15,o,g,2,37,,,
310-16,o,g,1,37,,,
310-17,o,g,1,37,,,
310-18,o,g,1,37,,,
310-19,o,g,1,37,,,
310-20,n,n,1,37,,,
310-21,o,g,1,37,,,
315-1,o,g,1,37,,,
315-2,o,g,1,37,,,
315-3,o,g,1,37,,,